<?xml version="1.0" encoding="UTF-8" ?>
<!--
  ~ #{copyright}#
  -->

<!DOCTYPE mapper PUBLIC "-//mybatis.org//DTD Mapper 3.0//EN" "http://mybatis.org/dtd/mybatis-3-mapper.dtd" >
<mapper namespace="com.hand.hap.system.mapper.DemoUserMapper">
    <resultMap id="BaseResultMap" type="com.hand.hap.system.dto.DemoUser">
        <result column="ID" property="id" jdbcType="DECIMAL" />
        <result column="NAME" property="name" jdbcType="VARCHAR" />
        <result column="BIRTHDAY" property="birthday" jdbcType="TIMESTAMP" />
        <result column="CREATION_TIME" property="creationTime" jdbcType="TIMESTAMP" />
        <result column="DEPT_ID" property="deptId" jdbcType="DECIMAL" />
        <result column="SEX" property="sex" jdbcType="DECIMAL" />
        <result column="AGE" property="age" jdbcType="DECIMAL" />
         <result column="ROLE_ID" property="roleId" jdbcType="DECIMAL" />
         <result column="ROLE_NAME" property="roleName" jdbcType="VARCHAR" />
    </resultMap>
</mapper>