<?xml version="1.0" encoding="UTF-8" ?>
<!--
  ~ #{copyright}#
  -->

<!DOCTYPE mapper PUBLIC "-//mybatis.org//DTD Mapper 3.0//EN" "http://mybatis.org/dtd/mybatis-3-mapper.dtd" >
<mapper namespace="com.hand.hap.system.mapper.LovItemMapper" >
  <resultMap id="BaseResultMap" type="com.hand.hap.system.dto.LovItem" extends="com.hand.hap.mapper.StdMapper.STD" >
    <id column="LOV_ITEM_ID" jdbcType="DECIMAL" property="lovItemId" />
    <result column="LOV_ID" jdbcType="DECIMAL" property="lovId" />
    <result column="DISPLAY" jdbcType="VARCHAR" property="display" />
    <result column="GRID_FIELD_NAME" jdbcType="VARCHAR" property="gridFieldName" />
    <result column="GRID_FIELD_ALIGN" jdbcType="VARCHAR" property="gridFieldAlign" />
    <result column="GRID_FIELD_WIDTH" jdbcType="DECIMAL" property="gridFieldWidth" />
    <result column="CONDITION_FIELD" jdbcType="VARCHAR" property="conditionField" />
    <result column="CREATION_DATE" jdbcType="TIMESTAMP" property="creationDate" />
    <result column="CREATED_BY" jdbcType="DECIMAL" property="createdBy" />
    <result column="LAST_UPDATED_BY" jdbcType="DECIMAL" property="lastUpdatedBy" />
    <result column="LAST_UPDATE_DATE" jdbcType="TIMESTAMP" property="lastUpdateDate" />
    <result column="LAST_UPDATE_LOGIN" jdbcType="DECIMAL" property="lastUpdateLogin" />
    <result column="IS_AUTOCOMPLETE" jdbcType="VARCHAR" property="isAutocomplete" />
    <result column="OBJECT_VERSION_NUMBER" jdbcType="DECIMAL" property="objectVersionNumber" />
    <result column="REQUEST_ID" jdbcType="DECIMAL" property="requestId" />
    <result column="PROGRAM_ID" jdbcType="DECIMAL" property="programId" />
    <result column="GRID_FIELD" jdbcType="CHAR" property="gridField" />
    <result column="CONDITION_FIELD_WIDTH" jdbcType="DECIMAL" property="conditionFieldWidth" />
    <result column="CONDITION_FIELD_TYPE" jdbcType="VARCHAR" property="conditionFieldType" />
    <result column="CONDITION_FIELD_NAME" jdbcType="VARCHAR" property="conditionFieldName" />
    <result column="CONDITION_FIELD_TEXTFIELD" jdbcType="VARCHAR" property="conditionFieldTextfield" />
    <result column="CONDITION_FIELD_NEWLINE" jdbcType="VARCHAR" property="conditionFieldNewline" />
    <result column="CONDITION_FIELD_SELECT_URL" jdbcType="VARCHAR" property="conditionFieldSelectUrl" />
    <result column="CONDITION_FIELD_SELECT_VF" jdbcType="VARCHAR" property="conditionFieldSelectVf" />
    <result column="CONDITION_FIELD_SELECT_TF" jdbcType="VARCHAR" property="conditionFieldSelectTf" />
    <result column="CONDITION_FIELD_SELECT_CODE" jdbcType="VARCHAR" property="conditionFieldSelectCode" />
    <result column="CONDITION_FIELD_LOV_CODE" jdbcType="VARCHAR" property="conditionFieldLovCode" />
    <result column="CONDITION_FIELD_SEQUENCE" jdbcType="DECIMAL" property="conditionFieldSequence" />
    <result column="GRID_FIELD_SEQUENCE" jdbcType="DECIMAL" property="gridFieldSequence" />
    <result column="AUTOCOMPLETE_FIELD" jdbcType="VARCHAR" property="autocompleteField" />
  </resultMap>
  <sql id="Base_Column_List">
    LOV_ITEM_ID, LOV_ID, DISPLAY, GRID_FIELD_NAME, GRID_FIELD_ALIGN,AUTOCOMPLETE_FIELD, GRID_FIELD_WIDTH, CONDITION_FIELD,  
    CREATION_DATE, CREATED_BY, LAST_UPDATED_BY, LAST_UPDATE_DATE, LAST_UPDATE_LOGIN, 
    IS_AUTOCOMPLETE, OBJECT_VERSION_NUMBER, REQUEST_ID, PROGRAM_ID, GRID_FIELD, CONDITION_FIELD_WIDTH, 
    CONDITION_FIELD_TYPE, CONDITION_FIELD_NAME,CONDITION_FIELD_TEXTFIELD,CONDITION_FIELD_NEWLINE,  
    CONDITION_FIELD_SELECT_URL,CONDITION_FIELD_SELECT_VF, CONDITION_FIELD_SELECT_TF, CONDITION_FIELD_SELECT_CODE, CONDITION_FIELD_LOV_CODE,CONDITION_FIELD_SEQUENCE,GRID_FIELD_SEQUENCE
  </sql>
  <select id="selectByLovId" resultMap="BaseResultMap" parameterType="java.lang.Long" >
    SELECT 
    <include refid="Base_Column_List" />
    FROM SYS_LOV_ITEM
    WHERE LOV_ID = #{lov_id,jdbcType=DECIMAL}
  </select>

  <delete id="deleteByLovId" parameterType="java.lang.Long" >
    DELETE FROM SYS_LOV_ITEM
    WHERE LOV_ID = #{lovId,jdbcType=DECIMAL}
  </delete>
</mapper>