<?xml version="1.0" encoding="UTF-8" ?>
<!--
  ~ #{copyright}#
  -->

<!DOCTYPE mapper PUBLIC "-//mybatis.org//DTD Mapper 3.0//EN" "http://mybatis.org/dtd/mybatis-3-mapper.dtd" >
<mapper namespace="com.hand.hap.system.mapper.LovMapper">
    <resultMap id="BaseResultMap" type="com.hand.hap.system.dto.Lov" extends="com.hand.hap.mapper.StdMapper.STD">
        <id column="LOV_ID" property="lovId" jdbcType="DECIMAL" />
        <result column="DESCRIPTION" property="description" jdbcType="VARCHAR" />
        <result column="SQL_ID" property="sqlId" jdbcType="VARCHAR" />
        <result column="VALUE_FIELD" property="valueField" jdbcType="VARCHAR" />
        <result column="TEXT_FIELD" property="textField" jdbcType="VARCHAR" />
        <result column="TITLE" property="title" jdbcType="VARCHAR" />
        <result column="WIDTH" property="width" jdbcType="SMALLINT" />
        <result column="HEIGHT" property="height" jdbcType="SMALLINT" />
        <result column="CODE" property="code" jdbcType="VARCHAR" />
        <result column="PLACEHOLDER" property="placeholder" jdbcType="VARCHAR" />
        <result column="DELAY_LOAD" property="delayLoad" jdbcType="VARCHAR"/>
        <result column="EDITABLE" property="editable" jdbcType="VARCHAR"/>
        <result column="CAN_POPUP" property="canPopup" jdbcType="VARCHAR"/>
        <result column="NEED_QUERY_PARAM" property="needQueryParam" jdbcType="VARCHAR"/>
        <result column="CREATION_DATE" property="creationDate" jdbcType="TIMESTAMP" />
        <result column="CREATED_BY" property="createdBy" jdbcType="DECIMAL" />
        <result column="LAST_UPDATED_BY" property="lastUpdatedBy" jdbcType="DECIMAL" />
        <result column="LAST_UPDATE_DATE" property="lastUpdateDate" jdbcType="TIMESTAMP" />
    </resultMap>
    <sql id="Base_Column_List">
        LOV_ID, DESCRIPTION, SQL_ID, VALUE_FIELD, TEXT_FIELD, TITLE, WIDTH, HEIGHT, CODE, PLACEHOLDER,DELAY_LOAD,CAN_POPUP,EDITABLE,NEED_QUERY_PARAM, CREATION_DATE, CREATED_BY, LAST_UPDATED_BY, LAST_UPDATE_DATE
    </sql>

    <select id="selectByCode" resultMap="BaseResultMap" parameterType="java.lang.String">
        SELECT
        <include refid="Base_Column_List" />
        FROM SYS_LOV
        WHERE CODE = #{code,jdbcType=VARCHAR}
    </select>

</mapper>