<?xml version="1.0" encoding="UTF-8" ?>
<!DOCTYPE mapper PUBLIC "-//mybatis.org//DTD Mapper 3.0//EN" "http://mybatis.org/dtd/mybatis-3-mapper.dtd" >
<mapper namespace="com.hand.hap.system.mapper.SysPreferencesMapper" >
  <resultMap id="BaseResultMap" type="com.hand.hap.system.dto.SysPreferences" >
    <id column="PREFERENCES_ID" property="preferencesId" jdbcType="DECIMAL" />
    <result column="PREFERENCES" property="preferences" jdbcType="VARCHAR" />
    <result column="PREFERENCES_LEVEL" property="preferencesLevel" jdbcType="DECIMAL" />
    <result column="PREFERENCES_VALUE" property="preferencesValue" jdbcType="VARCHAR" />
    <result column="USER_ID" property="userId" jdbcType="DECIMAL" />
  </resultMap>

  <select id="selectPreferLine" parameterType="com.hand.hap.system.dto.SysPreferences" resultMap="BaseResultMap">
  select 
  *
  from SYS_PREFERENCES
  <where>
  PREFERENCES_LEVEL= #{preferencesLevel,jdbcType=DECIMAL}
  AND PREFERENCES=#{preferences,jdbcType=VARCHAR}
  <if test="userId != null">
  AND USER_ID = #{userId,jdbcType=DECIMAL}
  </if>    
  </where>
	
  </select>
  
  <update id="updatePreferLine" parameterType="com.hand.hap.system.dto.SysPreferences" >
    update SYS_PREFERENCES
    set 
      PREFERENCES_VALUE = #{preferencesValue,jdbcType=VARCHAR},
      OBJECT_VERSION_NUMBER = OBJECT_VERSION_NUMBER + 1,
      LAST_UPDATE_DATE = CURRENT_TIMESTAMP
      <where>
        PREFERENCES = #{preferences,jdbcType=VARCHAR}
        AND PREFERENCES_LEVEL = #{preferencesLevel,jdbcType=DECIMAL}
        <if test="userId != null">
        AND USER_ID = #{userId,jdbcType=DECIMAL}
        </if>
      </where>

  </update>
  
  
</mapper>