<?xml version="1.0" encoding="UTF-8"?>
<metadata modelVersion="1.1.0">
  <groupId>com.hand</groupId>
  <artifactId>hmap-plugin-appcenter</artifactId>
  <version>2.3.2-SNAPSHOT</version>
  <versioning>
    <snapshot>
      <timestamp>20190221.091818</timestamp>
      <buildNumber>26</buildNumber>
    </snapshot>
    <lastUpdated>20190221091818</lastUpdated>
    <snapshotVersions>
      <snapshotVersion>
        <extension>jar</extension>
        <value>2.3.2-20190221.091818-26</value>
        <updated>20190221091818</updated>
      </snapshotVersion>
      <snapshotVersion>
        <extension>pom</extension>
        <value>2.3.2-20190221.091818-26</value>
        <updated>20190221091818</updated>
      </snapshotVersion>
    </snapshotVersions>
  </versioning>
</metadata>
