<?xml version="1.0" encoding="UTF-8"?>
<Configuration status="WARN">
    <Appenders>
    	<!-- console appender -->
        <Console name="Console" target="SYSTEM_OUT">
            <PatternLayout charset="UTF-8" pattern="%d{yyyy-MM-dd HH:mm:ss SSS}|%t|%-5p|%m%n" />
        </Console>
		
		<!-- north interface log -->
        <RollingFile name="NorthInterfaceLogAppender" fileName="${sys:user.dir}/logs/OBS-SDK.interface_north.log"
                     filePattern="${sys:user.dir}/logs/OBS-SDK.interface_north-%d{yyyy-MM-dd}-%i.log">
            <PatternLayout charset="UTF-8" pattern="%d{yyyy-MM-dd HH:mm:ss SSS}|%t|%-5p|%m%n" />
            <SizeBasedTriggeringPolicy size="30M" />
            <DefaultRolloverStrategy max="50"/>
        </RollingFile>
        
        <!-- south interface log -->
        <RollingFile name="SouthInterfaceLogAppender" fileName="${sys:user.dir}/logs/OBS-SDK.interface_south.log"
                     filePattern="${sys:user.dir}/logs/OBS-SDK.interface_south-%d{yyyy-MM-dd}-%i.log">
             <PatternLayout charset="UTF-8" pattern="%d{yyyy-MM-dd HH:mm:ss SSS}|%t|%-5p|%m%n" />
            <SizeBasedTriggeringPolicy size="30M" />
            <DefaultRolloverStrategy max="50"/>
        </RollingFile>
        
        <!-- running log -->
        <RollingFile name="RunningLogAppender" fileName="${sys:user.dir}/logs/OBS-SDK.run.log"
                     filePattern="${sys:user.dir}/logs/OBS-SDK.run-%d{yyyy-MM-dd}-%i.log">
 			<PatternLayout charset="UTF-8" pattern="%d{yyyy-MM-dd HH:mm:ss SSS}|%t|%-5p|%m%n" />
            <SizeBasedTriggeringPolicy size="30M" />
            <DefaultRolloverStrategy max="50"/>
        </RollingFile>
        
        <!-- 
        <RollingFile name="IOLogAppender" fileName="${sys:user.dir}/logs/OBS-SDK.io.log"
                     filePattern="${sys:user.dir}/logs/OBS-SDK.io-%d{yyyy-MM-dd}-%i.log">
 			<PatternLayout charset="UTF-8" pattern="%d{yyyy-MM-dd HH:mm:ss SSS}|%t|%-5p|%m%n" />
            <SizeBasedTriggeringPolicy size="300M" />
            <DefaultRolloverStrategy max="50"/>
        </RollingFile>
         -->
        
    </Appenders>

    <Loggers>
    	<!-- north log -->
        <Logger name="com.obs.services.ObsClient" level="WARN"
                additivity="false">
            <AppenderRef ref="NorthInterfaceLogAppender" />
        </Logger>
        
        <!-- south log -->
        <Logger name="com.obs.services.internal.RestStorageService" level="WARN"
                additivity="false">
            <AppenderRef ref="SouthInterfaceLogAppender" />
        </Logger>
        
        <!-- running log -->
        <Logger name="com.obs.log.RunningLog" level="WARN"
                additivity="false">
            <AppenderRef ref="RunningLogAppender" />
        </Logger>
        
        <!-- 
        <Logger name="com.obs.services.internal.IO" level="WARN"
                additivity="false">
            <AppenderRef ref="IOLogAppender" />
        </Logger>
         -->
        
        <!-- console log -->
        <Root level="WARN">
            <AppenderRef ref="Console" />
        </Root>
    </Loggers>
</Configuration>