<?xml version="1.0" encoding="UTF-8"?>
<metadata modelVersion="1.1.0">
  <groupId>com.hand</groupId>
  <artifactId>hmap-plugin-appcenter</artifactId>
  <version>2.3-SNAPSHOT</version>
  <versioning>
    <snapshot>
      <timestamp>20180711.054400</timestamp>
      <buildNumber>73</buildNumber>
    </snapshot>
    <lastUpdated>20180711054400</lastUpdated>
    <snapshotVersions>
      <snapshotVersion>
        <extension>jar</extension>
        <value>2.3-20180711.054400-73</value>
        <updated>20180711054400</updated>
      </snapshotVersion>
      <snapshotVersion>
        <extension>pom</extension>
        <value>2.3-20180711.054400-73</value>
        <updated>20180711054400</updated>
      </snapshotVersion>
    </snapshotVersions>
  </versioning>
</metadata>
