<?xml version="1.0" encoding="UTF-8"?>
<!-- ~ #{copyright}# -->

<beans xmlns:xsi="http://www.w3.org/2001/XMLSchema-instance"
       xmlns="http://www.springframework.org/schema/beans"
       xmlns:context="http://www.springframework.org/schema/context"
       xsi:schemaLocation="http://www.springframework.org/schema/beans http://www.springframework.org/schema/beans/spring-beans-4.0.xsd
                           http://www.springframework.org/schema/context http://www.springframework.org/schema/context/spring-context-4.0.xsd">

    <context:property-placeholder location="classpath:config.properties"/>

    <bean name="quartzScheduler" class="org.springframework.scheduling.quartz.SchedulerFactoryBean">
        <property name="dataSource" ref="dataSource" />
        <!-- DO NOT AUTO STARTUP DURING LOCAL DEV TEST -->
        <property name="autoStartup" value="${job.autoStartup}" />
        <property name="jobFactory">
            <bean class="com.hand.hap.job.AutowiringSpringBeanJobFactory" />
        </property>
        <property name="applicationContextSchedulerContextKey" value="applicationContext" />
        <property name="configLocation" value="classpath:quartz.properties" />
    </bean>



</beans>
