<beans xmlns="http://www.springframework.org/schema/beans"
       xmlns:xsi="http://www.w3.org/2001/XMLSchema-instance"
       xmlns:context="http://www.springframework.org/schema/context"
       xmlns:tx="http://www.springframework.org/schema/tx"
       xmlns:aop="http://www.springframework.org/schema/aop"
       xsi:schemaLocation="http://www.springframework.org/schema/beans http://www.springframework.org/schema/beans/spring-beans.xsd
                           http://www.springframework.org/schema/aop http://www.springframework.org/schema/aop/spring-aop-4.0.xsd
                           http://www.springframework.org/schema/context http://www.springframework.org/schema/context/spring-context-4.0.xsd
                           http://www.springframework.org/schema/tx http://www.springframework.org/schema/tx/spring-tx-4.0.xsd">


    <beans profile="default">
        <!-- middleware datasource  -->
        <!-- jndi dataSource-->
        <bean id="dataSource" class="org.springframework.jndi.JndiObjectFactoryBean">
            <property name="jndiName" value="${db.jndiName}"/>
        </bean>
    </beans>


    <beans profile="test">
        <!-- middleware datasource  -->
        <!-- jndi dataSource-->
        <bean id="dataSource" class="org.springframework.jdbc.datasource.DriverManagerDataSource">
            <property name="driverClassName"
                      value="com.mysql.jdbc.Driver"/>
            <property name="url" value="jdbc:mysql://localhost:3306/hms_test?useUnicode=true&amp;characterEncoding=UTF-8"/>
            <property name="username" value="root"/>
            <property name="password" value=""/>
        </bean>
    </beans>

</beans>
