<?xml version="1.0" encoding="UTF-8"?>
<beans xmlns="http://www.springframework.org/schema/beans"
       xmlns:xsi="http://www.w3.org/2001/XMLSchema-instance"
       xsi:schemaLocation="http://www.springframework.org/schema/beans http://www.springframework.org/schema/beans/spring-beans-4.0.xsd">


    <!--<bean class="hmap.core.beans.CorsConfigurerAdapter"></bean>-->

    <bean id="aliYunUploaderService"
          class="hmap.core.hms.uploader.service.impl.AliYunUploaderServiceImpl">
        <property name="name" value="aliyun"/>
    </bean>
    <bean id="huaWeiYunUploaderService"
          class="hmap.core.hms.uploader.service.impl.HuaWeiUploaderServiceImpl">
        <property name="name" value="huaweiyun"/>
    </bean>
    <bean id="sftpUploaderService"
          class="hmap.core.hms.uploader.service.impl.SftpUploaderServiceImpl">
        <property name="name" value="sftp"/>
        <property name="host" value="ftp.host"></property>
        <property name="port" value="ftp.port"></property>
        <property name="username" value="ftp.username"></property>
        <property name="password" value="ftp.password"></property>
        <property name="uploadDir" value="ftp.uploadDir"></property>
        <property name="outUrlPrefix" value="ftp.outUrlPrefix"></property>
        <property name="thumbnailScale" value="ftp.thumbnailScale"></property>
        <property name="thumbnailOutputQuality" value="ftp.thumbnailOutputQuality"></property>
    </bean>

    <bean class="hmap.core.hms.uploader.service.impl.UploaderMangerImpl">
        <property name="uploads">
            <list>
                <ref bean="sftpUploaderService"/>
                <ref bean="aliYunUploaderService"/>
                <ref bean="huaWeiYunUploaderService"/>
            </list>
        </property>
    </bean>
    <bean class="hmap.core.beans.JDBCSqlSessionFactory">
        <property name="dataSource" ref="dataSource"/>
    </bean>
    <bean id="authenticationFailureListener" class="hmap.core.hms.system.service.impl.AuthenticationFailureListener"></bean>
    <bean id="countRequestConsumer" class="hmap.core.hms.system.message.impl.CountRequestConsumer"></bean>
    <bean id="auditLogConsumer" class="hmap.core.hms.audit.message.impl.AuditLogConsumer"></bean>
    <bean id="auditLogPersistentEventListener" class="hmap.core.hms.audit.component.AuditLogPersistentEventListener"></bean>
    <bean id="adminLoginAuditLogPersistentEventListener" class="hmap.core.hms.audit.component.AdminLoginAuditLogPersistentEventListener"></bean>
    <!--延时队列-->
    <bean class="hmap.core.hms.system.message.impl.DelayListenerContainer"></bean>
    <!--延时队列测试用例-->
    <bean id="testCountRequestConsumer" class="hmap.core.hms.system.message.impl.TestDelayQueueConsumer"></bean>
    <bean id="hmapDatabaseLockProvider" class="hmap.core.hms.system.lock.components.HmapDatabaseLockProvider"></bean>
</beans>
