<?xml version="1.0" encoding="UTF-8"?>
<beans xmlns="http://www.springframework.org/schema/beans"
       xmlns:xsi="http://www.w3.org/2001/XMLSchema-instance"
       xmlns:context="http://www.springframework.org/schema/context"
       xmlns:tx="http://www.springframework.org/schema/tx"
       xmlns:aop="http://www.springframework.org/schema/aop"
       xsi:schemaLocation="http://www.springframework.org/schema/beans http://www.springframework.org/schema/beans/spring-beans-4.0.xsd
                           http://www.springframework.org/schema/aop http://www.springframework.org/schema/aop/spring-aop-4.0.xsd
                           http://www.springframework.org/schema/context http://www.springframework.org/schema/context/spring-context-4.0.xsd
                           http://www.springframework.org/schema/tx http://www.springframework.org/schema/tx/spring-tx-4.0.xsd
                           http://www.springframework.org/schema/beans http://www.springframework.org/schema/beans/spring-beans-4.0.xsd">


    <context:property-placeholder location="classpath:config.properties"/>

    <!-- middleware datasource  -->
    <!-- jndi dataSource-->
    <bean id="dataSource" class="org.springframework.jndi.JndiObjectFactoryBean">
        <property name="jndiName" value="${db.jndiName}"/>
    </bean>
    <bean id="messageSource" class="com.hand.hap.core.i18n.CacheMessageSource"/>


    <!-- mapper definition -->
    <bean id="mapperScannerConfigurer" class="com.hand.hap.mybatis.spring.MapperScannerConfigurer">
        <property name="basePackage" value="*.**.mapper"/>
        <property name="processPropertyPlaceHolders" value="true"/>
        <property name="propertiesMap">
            <map>
                <entry key="mappers" value="com.hand.hap.mybatis.common.Mapper"/>
                <entry key="IDENTITY" value="${mybatis.identity}"/>
                <entry key="seqFormat" value="{3}_s.nextVal"/>
            </map>
        </property>
    </bean>


    <context:component-scan base-package="**.*.service"/>

    <bean id="requestAD" class="com.hand.hap.core.impl.ServiceExecutionAdvice"/>


    <aop:config expose-proxy="true">
        <aop:pointcut id="servicePointcut" expression="execution(* *..*ServiceImpl.*(..))"/>
        <aop:advisor advice-ref="requestAD" pointcut-ref="servicePointcut"/>
    </aop:config>


    <!-- config mysql statements -->
    <bean id="transactionManager" class="org.springframework.jdbc.datasource.DataSourceTransactionManager">
        <property name="dataSource" ref="dataSource"/>
    </bean>

    <tx:annotation-driven transaction-manager="transactionManager"/>

    <bean id="sqlSessionFactory" class="org.mybatis.spring.SqlSessionFactoryBean">
        <property name="dataSource" ref="dataSource"/>
        <property name="mapperLocations" value="classpath*:/**/*Mapper.xml"/>
        <property name="plugins">
            <array>
                <bean class="com.hand.hap.core.interceptor.RequestContextInterceptor"/>
                <bean class="com.hand.hap.core.interceptor.MultiLanguageInterceptor"/>
                <bean class="com.hand.hap.core.interceptor.SecurityTokenInterceptor"/>
                <bean class="com.hand.hap.core.interceptor.OvnInterceptor"/>
                <bean class="com.github.pagehelper.PageHelper"/>
            </array>
        </property>
        <property name="configLocation" value="classpath:mybatis-configuration.xml"/>
    </bean>


    <bean id="sqlSession" class="org.mybatis.spring.SqlSessionTemplate">
        <constructor-arg index="0" name="sqlSessionFactory" ref="sqlSessionFactory"/>
    </bean>


    <!-- 密码加密 PasswordEncoder-->
    <bean id="passwordManager" class="com.hand.hap.security.PasswordManager">
        <property name="siteWideSecret" value="Zxa1pO6S6uvBMlY"/>
        <property name="defaultPassword" value="123456"/>
    </bean>


    <!-- email发送服务器-->
    <bean id="mailSender" class="com.hand.hap.mail.MailSender" scope="prototype">
        <property name="environment" value="${env.code}"/>
        <!-- <property name="tryTimes" value="${email.tryTimes}"/>
        <property name="host" value="${email.host}" />
        <property name="port" value="${email.port}" /> -->
        <property name="javaMailProperties">
            <props>
                <prop key="mail.smtp.auth">true</prop>
            </props>
        </property>
    </bean>

    <!-- 线程池 -->
    <bean id="taskExecutor" class="org.springframework.scheduling.concurrent.ThreadPoolTaskExecutor">
        <!-- 核心线程数 -->
        <property name="corePoolSize" value="5"/>
        <!-- 最大线程数 -->
        <property name="maxPoolSize" value="250"/>
        <!-- 队列最大长度 -->
        <property name="queueCapacity" value="1000"/>
        <!-- 线程池维护线程所允许的空闲时间，默认为60s -->
        <property name="keepAliveSeconds" value="120"/>
    </bean>

    <bean id="freeMarkerBeanProvider" class="com.hand.hap.core.web.FreeMarkerBeanProvider"/>

</beans>