<!-- 此文件用于CAS sso登录方式 -->
<beans:beans xmlns="http://www.springframework.org/schema/security"
             xmlns:beans="http://www.springframework.org/schema/beans"
             xmlns:xsi="http://www.w3.org/2001/XMLSchema-instance"
             xsi:schemaLocation="http://www.springframework.org/schema/beans http://www.springframework.org/schema/beans/spring-beans-4.1.xsd
                                 http://www.springframework.org/schema/security http://www.springframework.org/schema/security/spring-security-4.0.xsd">
    <!-- CAS 基本属性配置-->
    <beans:bean id="serviceProperties"
          class="org.springframework.security.cas.ServiceProperties">
        <beans:property name="service"
                  value="${cas.service}"/>
        <beans:property name="sendRenew" value="false"/>
    </beans:bean>

    <!-- CAS 认证配置 -->
    <http  entry-point-ref="casEntryPoint" access-decision-manager-ref="accessDecisionManager" >
        <csrf disabled="true"/>
        <intercept-url pattern="/resources/**" access="permitAll" />
        <intercept-url pattern="/lib/**" access="permitAll" />
        <intercept-url pattern="/common/**" access="permitAll" />
        <intercept-url pattern="/**" access="hasRole('ROLE_USER')" />



        <custom-filter ref="requestSingleLogoutFilter" before="LOGOUT_FILTER"/>
        <custom-filter position="CAS_FILTER" ref="casFilter" />
        <custom-filter ref="singleLogoutFilter" before="CAS_FILTER"/>

        <headers defaults-disabled="true">
            <cache-control/>
        </headers>
    </http>

    <!-- 认证管理器,确定用户,角色及相应的权限 -->
    <beans:bean id="accessDecisionManager" class="org.springframework.security.access.vote.UnanimousBased">
        <!-- 投票器 -->
        <beans:constructor-arg>
            <beans:list>
                <beans:bean class="com.hand.hap.security.PermissionVoter"/>
                <beans:bean class="org.springframework.security.web.access.expression.WebExpressionVoter"/>
                <beans:bean class="org.springframework.security.access.vote.RoleVoter"/>
                <beans:bean class="org.springframework.security.access.vote.AuthenticatedVoter"/>

            </beans:list>
        </beans:constructor-arg>
    </beans:bean>

    <!-- CAS Filter 配置 -->
    <beans:bean id="casFilter"
          class="org.springframework.security.cas.web.CasAuthenticationFilter">
        <beans:property name="authenticationManager" ref="authenticationManager"/>
        <beans:property name="authenticationSuccessHandler" ref="successHandler"/>
    </beans:bean>

    <beans:bean id="successHandler" class="com.hand.hap.security.CustomAuthenticationSuccessHandler">
        <beans:property name="defaultTargetUrl" value="/role"/>
    </beans:bean>


    <beans:bean id="casEntryPoint"
          class="org.springframework.security.cas.web.CasAuthenticationEntryPoint">
        <beans:property name="loginUrl" value="${cas.ssoserver.loginurl}"/>
        <beans:property name="serviceProperties" ref="serviceProperties"/>
    </beans:bean>


    <authentication-manager alias="authenticationManager">
        <authentication-provider ref="casAuthenticationProvider"/>
    </authentication-manager>

    <beans:bean id="casAuthenticationProvider"
          class="org.springframework.security.cas.authentication.CasAuthenticationProvider">
        <beans:property name="serviceProperties" ref="serviceProperties" />
        <beans:property name="authenticationUserDetailsService" ref="customAuthenticationUserDetailsService"/>
        <beans:property name="ticketValidator">
            <beans:bean class="org.jasig.cas.client.validation.Cas20ServiceTicketValidator">
                <beans:constructor-arg index="0" value="${cas.ssoserver.url}" />
            </beans:bean>
        </beans:property>
        <beans:property name="key" value="an_id_for_this_auth_provider_only"/>
    </beans:bean>


    <beans:bean id="customAuthenticationUserDetailsService" class="com.hand.hap.security.CustomAuthenticationUserDetailsService">
    </beans:bean>


    <beans:bean id="singleLogoutFilter" class="org.jasig.cas.client.session.SingleSignOutFilter"/>
    <!-- This filter redirects to the CAS Server to signal Single Logout should be performed -->
    <beans:bean id="requestSingleLogoutFilter"
          class="org.springframework.security.web.authentication.logout.LogoutFilter">
        <beans:constructor-arg value="${cas.ssoserver.logouturl}"/>
        <beans:constructor-arg>
            <beans:bean class="org.springframework.security.web.authentication.logout.SecurityContextLogoutHandler"/>
        </beans:constructor-arg>
        <beans:property name="filterProcessesUrl" value="/logout"/>
    </beans:bean>

</beans:beans>
