<beans:beans xmlns="http://www.springframework.org/schema/security"
             xmlns:beans="http://www.springframework.org/schema/beans"
             xmlns:xsi="http://www.w3.org/2001/XMLSchema-instance"
             xsi:schemaLocation="http://www.springframework.org/schema/beans http://www.springframework.org/schema/beans/spring-beans-4.1.xsd
                                 http://www.springframework.org/schema/security http://www.springframework.org/schema/security/spring-security-4.0.xsd">

    <beans:bean id="contextSourceTarget"
                class="org.springframework.ldap.core.support.LdapContextSource">
        <!--此处需要按照需求填写-->
        <beans:property name="url" value="ldap://sac.hand-china.com:389"/>
        <!--此处需要按照需求填写-->
        <beans:property name="base" value="DC=hand-china,DC=com"/>
    </beans:bean>
    <beans:bean id="contextSource"
                class="org.springframework.ldap.transaction.compensating.manager.TransactionAwareContextSourceProxy">
        <beans:constructor-arg ref="contextSourceTarget"/>
    </beans:bean>
    <beans:bean id="ldapTemplate" class="org.springframework.ldap.core.LdapTemplate">
        <beans:constructor-arg ref="contextSource"/>
    </beans:bean>
</beans:beans>
