<beans:beans xmlns="http://www.springframework.org/schema/security"
             xmlns:beans="http://www.springframework.org/schema/beans"
             xmlns:xsi="http://www.w3.org/2001/XMLSchema-instance"
             xmlns:oauth2="http://www.springframework.org/schema/security/oauth2"
             xsi:schemaLocation="http://www.springframework.org/schema/beans http://www.springframework.org/schema/beans/spring-beans-4.1.xsd
    http://www.springframework.org/schema/security http://www.springframework.org/schema/security/spring-security-4.0.xsd
    http://www.springframework.org/schema/security/oauth2 http://www.springframework.org/schema/security/spring-security-oauth2-1.0.xsd">

    <!-- 配置参考 http://blog.csdn.net/monkeyking1987/article/details/16828059 -->
    <!-- 配置参考 https://github.com/spring-projects/greenhouse/blob/master/src/main/java/com/springsource/greenhouse/config/security.xml -->


    <http pattern="/oauth/token"
          create-session="stateless"

          authentication-manager-ref="oauth2AuthenticationManager"
          entry-point-ref="oauth2AuthenticationEntryPoint">
        <csrf disabled="true"/>
        <intercept-url pattern="/oauth/token" access="isFullyAuthenticated()"/>
        <anonymous enabled="false"/>
        <http-basic entry-point-ref="oauth2AuthenticationEntryPoint"/>
        <custom-filter ref="clientCredentialsTokenEndpointFilter" before="BASIC_AUTH_FILTER"/>
        <access-denied-handler ref="oauth2AccessDeniedHandler"/>

    </http>

    <beans:bean id="clientCredentialsTokenEndpointFilter"
                class="org.springframework.security.oauth2.provider.client.ClientCredentialsTokenEndpointFilter">
        <beans:property name="authenticationManager" ref="oauth2AuthenticationManager"/>
    </beans:bean>

    <authentication-manager id="oauth2AuthenticationManager">
        <authentication-provider user-service-ref="oauth2ClientDetailsUserService"/>
    </authentication-manager>

    <beans:bean id="oauth2ClientDetailsUserService"
                class="org.springframework.security.oauth2.provider.client.ClientDetailsUserDetailsService">
        <beans:constructor-arg ref="clientDetailsService"/>

    </beans:bean>


    <http pattern="/oauth/authorize"
          create-session="never"
          use-expressions="true"
          entry-point-ref="oauth2AuthenticationEntryPoint"
          access-decision-manager-ref="oauth2AccessDecisionManager">
        <csrf disabled="true"/>
        <!--拒绝匿名访问-->
        <anonymous enabled="true"/>
        <!-- 设置访问权限控制 -->
        <intercept-url pattern="/oauth/authorize/**" access="hasAnyRole('ROLE_USER','ROLE_ADMIN')"/>
        <!-- oauth 资源过滤器,与resource server配置对应 -->
        <custom-filter ref="apiResourceServer" before="PRE_AUTH_FILTER"/>
        <!-- 访问拒绝处理器 -->
        <access-denied-handler ref="oauth2AccessDeniedHandler"/>
    </http>

    <!--API Spring Security 配置-->
    <!--
    * pattern  URL匹配模式
    * create-session 是否创建后台session
    * entry-point-ref 入口点,访问过程中如果发生异常,会返回到入口点
    * access-decision-manager-ref 认证管理器
    -->
    <http pattern="/api/**"
          create-session="never"
          use-expressions="true"
          entry-point-ref="oauth2AuthenticationEntryPoint"
          access-decision-manager-ref="oauth2AccessDecisionManager">
        <csrf disabled="true"/>
        <!--拒绝匿名访问-->
        <anonymous enabled="true"/>
        <!-- 对外公开访问的API -->
        <intercept-url pattern="/api/public/**" access="permitAll"/>
        <!-- 设置访问权限控制 -->
        <intercept-url pattern="/api/**" access="hasAnyRole('ROLE_USER','ROLE_CLIENT','ROLE_ADMIN','SCOPE_READ')"
                       method="GET"/>
        <intercept-url pattern="/api/**" access="hasAnyRole('ROLE_USER','ROLE_CLIENT','ROLE_ADMIN','SCOPE_READ')"
                       method="POST"/>
        <intercept-url pattern="/api/**" access="hasAnyRole('ROLE_USER','ROLE_CLIENT','ROLE_ADMIN','SCOPE_READ')"
                       method="PUT"/>
        <intercept-url pattern="/api/**" access="hasAnyRole('ROLE_USER','ROLE_CLIENT','ROLE_ADMIN','SCOPE_READ')"
                       method="DELETE"/>
        <!-- oauth 资源过滤器,与resource server配置对应 -->
        <custom-filter ref="apiResourceServer" before="PRE_AUTH_FILTER"/>
        <!-- 访问拒绝处理器 -->
        <access-denied-handler ref="oauth2AccessDeniedHandler"/>
    </http>

    <!--透传API Spring Security 配置-->
    <http pattern="/r/api/**"
          create-session="never"
          use-expressions="true"
          entry-point-ref="oauth2AuthenticationEntryPoint"
          access-decision-manager-ref="oauth2AccessDecisionManager">
        <csrf disabled="true"/>
        <!--拒绝匿名访问-->
        <anonymous enabled="true"/>
        <!-- 设置访问权限控制 -->
        <intercept-url pattern="/r/api/**" access="hasAnyRole('ROLE_USER','ROLE_CLIENT','ROLE_ADMIN','SCOPE_READ')"
                       method="GET"/>
        <intercept-url pattern="/r/api/**" access="hasAnyRole('ROLE_USER','ROLE_CLIENT','ROLE_ADMIN','SCOPE_READ')"
                       method="POST"/>
        <intercept-url pattern="/r/api/**" access="hasAnyRole('ROLE_USER','ROLE_CLIENT','ROLE_ADMIN','SCOPE_READ')"
                       method="PUT"/>
        <intercept-url pattern="/r/api/**" access="hasAnyRole('ROLE_USER','ROLE_CLIENT','ROLE_ADMIN','SCOPE_READ')"
                       method="DELETE"/>
        <!-- oauth 资源过滤器,与resource server配置对应 -->
        <custom-filter ref="apiResourceServer" before="PRE_AUTH_FILTER"/>
        <!-- 访问拒绝处理器 -->
        <access-denied-handler ref="oauth2AccessDeniedHandler"/>
    </http>

    <!--中台提供API Spring Security 配置-->
    <http pattern="/i/api/**"
          create-session="never"
          use-expressions="true"
          entry-point-ref="oauth2AuthenticationEntryPoint"
          access-decision-manager-ref="oauth2AccessDecisionManager">
        <csrf disabled="true"/>
        <!--拒绝匿名访问-->
        <anonymous enabled="false"/>
        <!-- 设置访问权限控制 -->
        <intercept-url pattern="/i/api/**" access="hasAnyRole('ROLE_USER','ROLE_CLIENT','ROLE_ADMIN','SCOPE_READ')"
                       method="GET"/>
        <intercept-url pattern="/i/api/**" access="hasAnyRole('ROLE_USER','ROLE_CLIENT','ROLE_ADMIN','SCOPE_READ')"
                       method="POST"/>
        <intercept-url pattern="/i/api/**" access="hasAnyRole('ROLE_USER','ROLE_CLIENT','ROLE_ADMIN','SCOPE_READ')"
                       method="PUT"/>
        <intercept-url pattern="/i/api/**" access="hasAnyRole('ROLE_USER','ROLE_CLIENT','ROLE_ADMIN','SCOPE_READ')"
                       method="DELETE"/>
        <!-- oauth 资源过滤器,与resource server配置对应 -->
        <custom-filter ref="iapiResourceServer" before="PRE_AUTH_FILTER"/>
        <!-- 访问拒绝处理器 -->
        <access-denied-handler ref="oauth2AccessDeniedHandler"/>
    </http>


    <!--内部API Spring Security 配置-->
    <beans:bean id="oauth2AuthenticationEntryPoint"
                class="org.springframework.security.oauth2.provider.error.OAuth2AuthenticationEntryPoint">
    </beans:bean>

    <!-- oauth2认证管理器,确定用户,角色及相应的权限 -->
    <beans:bean id="oauth2AccessDecisionManager"
                class="org.springframework.security.access.vote.UnanimousBased">
        <!-- 投票器 -->
        <beans:constructor-arg>
            <beans:list>
                <!---->
                <beans:bean
                        class="org.springframework.security.web.access.expression.WebExpressionVoter"/>
                <beans:bean class="org.springframework.security.oauth2.provider.vote.ScopeVoter"/>
                <beans:bean class="org.springframework.security.access.vote.RoleVoter"/>
                <beans:bean class="org.springframework.security.access.vote.AuthenticatedVoter"/>
                <beans:bean class="com.hand.hap.security.PermissionVoter"/>
            </beans:list>
        </beans:constructor-arg>
    </beans:bean>


    <!-- 外部API Resource -->
    <oauth2:resource-server id="apiResourceServer" resource-id="api-resource"
                            token-services-ref="tokenServices"/>

    <!-- 内部API Resource -->
    <oauth2:resource-server id="iapiResourceServer" resource-id="iapi-resource"
                            token-services-ref="tokenServices"/>


    <beans:bean id="oauth2AccessDeniedHandler"
                class="org.springframework.security.oauth2.provider.error.OAuth2AccessDeniedHandler"/>

    <!--
       <beans:bean id="tokenServices" class="org.springframework.security.oauth2.provider.token.DefaultTokenServices">
           <beans:property name="tokenStore" ref="tokenStore"/>
           <beans:property name="tokenEnhancer" ref="jwtAccessTokenConverter"/>
           <beans:property name="supportRefreshToken" value="true"/>
           <beans:property name="accessTokenValiditySeconds" value="3000"/>
           <beans:property name="clientDetailsService" ref="clientDetailsService"/>
       </beans:bean>
    -->
    <!--
    <beans:bean id="tokenStore" class="org.springframework.security.oauth2.provider.token.store.InMemoryTokenStore" />

    <beans:bean id="tokenStore" class="org.springframework.security.oauth2.provider.token.store.JwtTokenStore">
        <beans:constructor-arg ref="jwtAccessTokenConverter"/>
    </beans:bean>

    <beans:bean id="jwtAccessTokenConverter" class="org.springframework.security.oauth2.provider.token.store.JwtAccessTokenConverter">
        <beans:property name="signingKey" value="handhand"/>
    </beans:bean>

    <beans:bean id="tokenStore" class="org.springframework.security.oauth2.provider.token.JdbcTokenStore">
        <beans:constructor-arg index="0" ref="dataSource"/>
    </beans:bean>-->

    <beans:bean id="tokenServices" class="hmap.core.token.CustomTokenServices">
        <beans:property name="tokenStore" ref="tokenStore"/>
        <beans:property name="tokenEnhancer" ref="hmsTokenEnhancer"/>
        <beans:property name="supportRefreshToken" value="true"/>
        <beans:property name="accessTokenValiditySeconds" value="7200"/>
        <beans:property name="clientDetailsService" ref="clientDetailsService"/>
    </beans:bean>

    <beans:bean id="hmsTokenEnhancer" class="hmap.core.token.HmsTokenEnhancer">
    </beans:bean>

    <beans:bean id="tokenStore"
                class="hmap.core.token.JdbcTokenStore">
        <beans:constructor-arg index="0" ref="dataSource"/>
        <beans:constructor-arg index="1" ref="oauthTokenCache"/>
    </beans:bean>
    <!--  ==============================  -->
    <!--  OAUTH 2 : AUTHORIZATION SERVER  -->
    <!--  ==============================  -->
    <oauth2:authorization-server client-details-service-ref="clientDetailsService"
                                 token-services-ref="tokenServices"
                                 user-approval-handler-ref="userApprovalHandler"
                                 token-granter-ref="compositeTokenGranter">
        <oauth2:authorization-code authorization-code-services-ref="authorizationCodeServices"/>
        <oauth2:implicit/>
        <oauth2:refresh-token/>
        <oauth2:client-credentials/>
        <oauth2:password/>
    </oauth2:authorization-server>

    <!-- Web Application clients -->
    <beans:bean id="clientDetailsService"
                class="org.springframework.security.oauth2.provider.client.JdbcClientDetailsService">
        <beans:constructor-arg index="0" ref="dataSource"/>
    </beans:bean>

    <beans:bean id="oauthUserApprovalHandler"
                class="org.springframework.security.oauth2.provider.approval.DefaultUserApprovalHandler">
    </beans:bean>
    <!-- User approval handler -->
    <beans:bean id="userApprovalHandler"
                class="org.springframework.security.oauth2.provider.approval.TokenStoreUserApprovalHandler">

        <beans:property name="tokenStore" ref="tokenStore"/>
        <beans:property name="clientDetailsService" ref="clientDetailsService"/>
        <beans:property name="requestFactory" ref="oauth.requestFactory"/>
    </beans:bean>

    <beans:bean id="oauth.requestFactory"
                class="org.springframework.security.oauth2.provider.request.DefaultOAuth2RequestFactory">
        <beans:constructor-arg name="clientDetailsService" ref="clientDetailsService"/>
    </beans:bean>

    <!-- 授权码存储到数据库 -->
    <!--org.springframework.security.oauth2.provider.code.JdbcAuthorizationCodeServices-->
    <beans:bean id="authorizationCodeServices" class="hmap.core.token.HmsJdbcAuthorizationCodeServices">
        <beans:constructor-arg index="0" ref="dataSource"/>
    </beans:bean>
    <!--&lt;!&ndash; 授权码存储到数据库 &ndash;&gt;-->
    <!--&lt;!&ndash;org.springframework.security.oauth2.provider.code.JdbcAuthorizationCodeServices&ndash;&gt;-->
    <!--<beans:bean id="authorizationCodeServices" class="org.springframework.security.oauth2.provider.code.JdbcAuthorizationCodeServices">-->
    <!--<beans:constructor-arg index="0" ref="dataSource"/>-->
    <!--</beans:bean>-->

    <beans:bean id="hmapAuthorizationCodeTokenGranter"
                class="hmap.core.security.HmapAuthorizationCodeTokenGranter">
        <beans:constructor-arg index="0" ref="tokenServices"/>
        <beans:constructor-arg index="1" ref="authorizationCodeServices"/>
        <beans:constructor-arg index="2" ref="clientDetailsService"/>
        <beans:constructor-arg index="3" ref="oauth.requestFactory"/>
    </beans:bean>
    <beans:bean class="org.springframework.security.oauth2.provider.refresh.RefreshTokenGranter"
                id="refreshTokenGranter">
        <beans:constructor-arg index="0" ref="tokenServices"/>
        <beans:constructor-arg index="1" ref="clientDetailsService"/>
        <beans:constructor-arg index="2" ref="oauth.requestFactory"/>
    </beans:bean>
    <beans:bean class="org.springframework.security.oauth2.provider.implicit.ImplicitTokenGranter"
                id="implicitTokenGranter">
        <beans:constructor-arg index="0" ref="tokenServices"/>
        <beans:constructor-arg index="1" ref="clientDetailsService"/>
        <beans:constructor-arg index="2" ref="oauth.requestFactory"/>
    </beans:bean>
    <beans:bean class="org.springframework.security.oauth2.provider.password.ResourceOwnerPasswordTokenGranter"
                id="resourceOwnerPasswordTokenGranter">
        <beans:constructor-arg index="0" ref="defaultAuthenticationManager"/>
        <beans:constructor-arg index="1" ref="tokenServices"/>
        <beans:constructor-arg index="2" ref="clientDetailsService"/>
        <beans:constructor-arg index="3" ref="oauth.requestFactory"/>
    </beans:bean>
    <beans:bean class="org.springframework.security.oauth2.provider.client.ClientCredentialsTokenGranter"
                id="clientCredentialsTokenGranter">
        <beans:constructor-arg index="0" ref="tokenServices"/>
        <beans:constructor-arg index="1" ref="clientDetailsService"/>
        <beans:constructor-arg index="2" ref="oauth.requestFactory"/>
    </beans:bean>


    <beans:bean id="compositeTokenGranter" class="org.springframework.security.oauth2.provider.CompositeTokenGranter">

        <beans:constructor-arg>
            <beans:list>
                <beans:ref bean="hmapAuthorizationCodeTokenGranter"/>
                <beans:ref bean="refreshTokenGranter"/>
                <beans:ref bean="implicitTokenGranter"/>
                <beans:ref bean="resourceOwnerPasswordTokenGranter"/>
                <beans:ref bean="clientCredentialsTokenGranter"/>
            </beans:list>
        </beans:constructor-arg>
    </beans:bean>

</beans:beans>
