<?xml version="1.0" encoding="UTF-8" ?>
<!DOCTYPE mapper PUBLIC "-//mybatis.org//DTD Mapper 3.0//EN" "http://mybatis.org/dtd/mybatis-3-mapper.dtd" >
<mapper namespace="com.hand.hap.mail.mapper.MessageEmailWhiteListMapper">
    <resultMap id="BaseResultMap" type="com.hand.hap.mail.dto.MessageEmailWhiteList" extends="com.hand.hap.mapper.StdMapper.STD">
        <id column="ID" property="id" jdbcType="DECIMAL" />
        <result column="ADDRESS" property="address" jdbcType="VARCHAR" />
        <result column="CONFIG_ID" property="configId" jdbcType="DECIMAL" />
        <result column="DESCRIPTION" property="description" jdbcType="VARCHAR" />
    </resultMap>

    <select id="selectByConfigId" resultMap="BaseResultMap">
        select
        *
        from SYS_MESSAGE_EMAIL_WHITE_LT
        <where>
            <if test="value != null">
                and CONFIG_Id = #{value,jdbcType=DECIMAL}
            </if>
        </where>
        order by id
    </select>

    <delete id="deleteByConfigId" parameterType="java.lang.Long">
        delete from SYS_MESSAGE_EMAIL_WHITE_LT
        where CONFIG_ID = #{configId,jdbcType=DECIMAL}
    </delete>
</mapper>