<?xml version="1.0" encoding="UTF-8" ?>
<!--
  ~ #{copyright}#
  -->

<!DOCTYPE mapper PUBLIC "-//mybatis.org//DTD Mapper 3.0//EN" "http://mybatis.org/dtd/mybatis-3-mapper.dtd" >
<mapper namespace="com.hand.hap.mail.mapper.MessageTransactionMapper" >
  <resultMap id="BaseResultMap" type="com.hand.hap.mail.dto.MessageTransaction" extends="com.hand.hap.mapper.StdMapper.STD" >
    <id column="TRANSACTION_ID" property="transactionId" jdbcType="DECIMAL" />
    <result column="MESSAGE_ID" property="messageId" jdbcType="DECIMAL" />
    <result column="TRANSACTION_STATUS" property="transactionStatus" jdbcType="VARCHAR" />
    <result column="TRANSACTION_MESSAGE" property="transactionMessage" jdbcType="CLOB" />
  </resultMap>

  <select id="selectSuccessCountByMessageId" resultType="java.lang.Long" parameterType="java.lang.Long" >
    select count(1) 
    from SYS_MESSAGE_TRANSACTION
    where MESSAGE_ID = #{messageId,jdbcType=DECIMAL}
    and TRANSACTION_STATUS = 'SUCCESS'
  </select>
  <delete id="deleteByMessageId" parameterType="java.lang.Long" >
    delete from SYS_MESSAGE_TRANSACTION
    where MESSAGE_ID = #{messageId,jdbcType=DECIMAL}
  </delete>

</mapper>