<?xml version="1.0" encoding="UTF-8" ?>
<!--
  ~ #{copyright}#
  -->

<!DOCTYPE mapper PUBLIC "-//mybatis.org//DTD Mapper 3.0//EN" "http://mybatis.org/dtd/mybatis-3-mapper.dtd" >
<mapper namespace="com.hand.hap.mail.mapper.MessageAttachmentMapper" >
  <resultMap id="BaseResultMap" type="com.hand.hap.mail.dto.MessageAttachment" extends="com.hand.hap.mapper.StdMapper.STD" >
    <id column="ATTACHMENT_ID" property="attachmentId" jdbcType="DECIMAL" />
    <result column="MESSAGE_ID" property="messageId" jdbcType="DECIMAL" />
    <result column="FILE_ID" property="fileId" jdbcType="DECIMAL" />
  </resultMap>

  <select id="selectByMessageId" resultMap="BaseResultMap" parameterType="java.lang.Long" >
    select 
    *
    from SYS_MESSAGE_ATTACHMENT
    where MESSAGE_ID = #{messageId,jdbcType=DECIMAL}
  </select>

  <delete id="deleteByMessageId" parameterType="java.lang.Long" >
    delete from SYS_MESSAGE_ATTACHMENT
    where MESSAGE_ID = #{messageId,jdbcType=DECIMAL}
  </delete>
</mapper>