<?xml version="1.0" encoding="UTF-8" ?>
<!--
  ~ #{copyright}#
  -->

<!DOCTYPE mapper PUBLIC "-//mybatis.org//DTD Mapper 3.0//EN" "http://mybatis.org/dtd/mybatis-3-mapper.dtd" >
<mapper namespace="com.hand.hap.mail.mapper.MessageAccountMapper" >
  <resultMap id="BaseResultMap" type="com.hand.hap.mail.dto.MessageAccount" extends="com.hand.hap.mapper.StdMapper.STD" >
    <id column="ACCOUNT_ID" property="accountId" jdbcType="DECIMAL" />
    <result column="ACCOUNT_TYPE" property="accountType" jdbcType="VARCHAR" />
    <result column="ACCOUNT_CODE" property="accountCode" jdbcType="VARCHAR" />
    <result column="USER_NAME" property="userName" jdbcType="VARCHAR" />
    <result column="PASSWORD" property="password" jdbcType="VARCHAR" />
    <result column="DESCRIPTION" property="description" jdbcType="VARCHAR" />
  </resultMap>

  <!-- 故意不显示password -->
  <select id="selectMessageAccounts" resultMap="BaseResultMap" parameterType="com.hand.hap.mail.dto.MessageAccount">
       select *
       from SYS_MESSAGE_ACCOUNT
       <where>
       	  <if test="accountId != null">
              and ACCOUNT_ID = #{accountId,jdbcType=DECIMAL}
          </if>
          <if test="accountCode != null">
              and ACCOUNT_CODE like concat('%',concat(#{accountCode,jdbcType=VARCHAR},'%'))
          </if>
          <if test="accountType != null">
              and ACCOUNT_TYPE = #{accountType,jdbcType=VARCHAR}
          </if>
          <if test="description != null">
              and DESCRIPTION like concat('%',concat(#{description,jdbcType=VARCHAR},'%'))
          </if>
       </where>
      order by account_id
  </select>
  <select id="selectMessageAccountPassword" resultMap="BaseResultMap" parameterType="com.hand.hap.mail.dto.MessageAccount">
       select
        *
       from SYS_MESSAGE_ACCOUNT
       <where>
       	  <if test="accountId != null">
              ACCOUNT_ID = #{accountId,jdbcType=DECIMAL}
          </if>
       </where>
      order by account_id
  </select>

  <select id="selectByUniqueCode" resultMap="BaseResultMap" parameterType="java.lang.String" >
    select 
    *
    from SYS_MESSAGE_ACCOUNT
    where ACCOUNT_CODE = #{accountCode,jdbcType=VARCHAR}
    order by account_id
  </select>

  <select id="getMsgAccountByCodeAndMarketId" resultMap="BaseResultMap">
		select 
		*
		FROM SYS_MESSAGE_ACCOUNT acc
		<where>
			<if test="accountCode != null">
				acc.ACCOUNT_CODE = #{accountCode,jdbcType=VARCHAR}
			</if>
			<if test="marketId == null">
				AND acc.MARKET_ID is null
			</if>
			<if test="marketId != null">
				AND acc.MARKET_ID = #{marketId,jdbcType=DECIMAL}
			</if>
			<if test="accountId != null">
				AND acc.ACCOUNT_ID != #{accountId, jdbcType=DECIMAL}
			</if>
		</where>

      order by account_id
	</select>
</mapper>