<?xml version="1.0" encoding="UTF-8"?>
<beans xmlns="http://www.springframework.org/schema/beans"
       xmlns:xsi="http://www.w3.org/2001/XMLSchema-instance"
       xsi:schemaLocation="http://www.springframework.org/schema/beans http://www.springframework.org/schema/beans/spring-beans-4.0.xsd">


    <!--<bean class="hmap.core.beans.CorsConfigurerAdapter"></bean>-->

    <bean id="aliYunUploaderService"
          class="hmap.core.hms.uploader.service.impl.AliYunUploaderServiceImpl">
        <property name="name" value="aliyun"/>
    </bean>
    <bean id="sftpUploaderService"
          class="hmap.core.hms.uploader.service.impl.SftpUploaderServiceImpl">
        <property name="name" value="sftp"/>
        <property name="host" value="ftp.host"></property>
        <property name="port" value="ftp.port"></property>
        <property name="username" value="ftp.username"></property>
        <property name="password" value="ftp.password"></property>
        <property name="uploadDir" value="ftp.uploadDir"></property>
        <property name="outUrlPrefix" value="ftp.outUrlPrefix"></property>
        <property name="thumbnailScale" value="ftp.thumbnailScale"></property>
        <property name="thumbnailOutputQuality" value="ftp.thumbnailOutputQuality"></property>
    </bean>
    <bean class="hmap.core.hms.uploader.service.impl.UploaderMangerImpl">
        <property name="uploads">
            <list>
                <ref bean="sftpUploaderService"/>
                <ref bean="aliYunUploaderService"/>
            </list>
        </property>
    </bean>
    <bean class="hmap.core.beans.JDBCSqlSessionFactory">
        <property name="dataSource" ref="dataSource"/>
    </bean>
    <bean class="hmap.core.hms.api.command.HystrixSetupConfig">
        <constructor-arg index="0" ref="dataSource"/>
    </bean>
    <bean id="plsqlBean" class="hmap.core.hms.api.service.impl.PLSQLApiServiceImpl"></bean>
    <bean id="restBean" class="hmap.core.hms.api.service.impl.RestApiServiceImpl"></bean>
    <bean id="soapBean" class="hmap.core.hms.api.service.impl.SoapApiServiceImpl"></bean>
    <bean id="mockBean" class="hmap.core.hms.api.service.impl.MockApiServiceImpl"></bean>
    <bean id="authenticationFailureListener"
          class="hmap.core.hms.system.service.impl.AuthenticationFailureListener"></bean>

    <bean id="usageConsumer" class="hmap.core.hms.menu.message.impl.UsageConsumer"></bean>

    <bean id="staffIndexConsumer" class="hmap.core.hms.contact.message.impl.StaffIndexConsumer"></bean>
    <bean id="contactTagIndexConsumer" class="hmap.core.hms.contact.message.impl.ContactTagIndexConsumer"></bean>
    <bean id="deptIndexConsumer" class="hmap.core.hms.contact.message.impl.DeptIndexConsumer"></bean>
    <bean id="deptStaffCountInsertConsumer" class="hmap.core.hms.contact.message.impl.DeptStaffCountInsertConsumer"></bean>

    <bean id="deptStaffCountUpdateConsumer" class="hmap.core.hms.contact.message.impl.DeptStaffCountUpdateConsumer"></bean>
    <bean id="deptStaffCountDeleteConsumer" class="hmap.core.hms.contact.message.impl.DeptStaffCountDeleteConsumer"></bean>
    <bean id="deptStaffCountResetConsumer" class="hmap.core.hms.contact.message.impl.DeptStaffCountResetConsumer"></bean>

    <bean id="iWfServerService" class="hmapDianMao.core.demo.service.impl.WxAppDemoWfServerServiceImpl"></bean>

    <bean id="countRequestConsumer" class="hmap.core.hms.system.message.impl.CountRequestConsumer"></bean>
    <bean id="auditLogConsumer" class="hmap.core.hms.audit.message.impl.AuditLogConsumer"></bean>
    <bean id="auditLogPersistentEventListener" class="hmap.core.hms.audit.component.AuditLogPersistentEventListener"></bean>
    <bean id="adminLoginAuditLogPersistentEventListener" class="hmap.core.hms.audit.component.AdminLoginAuditLogPersistentEventListener"></bean>
    <bean id="staffChangeHook" class="hmap.core.hms.contact.service.impl.HmsStaffChangeHookServiceImpl"></bean>

    <bean id="insertGroupSyncsConsumer" class="hmap.core.hms.thirdparty.queue.InsertGroupSyncsConsumer"></bean>
    <bean id="syncGroupConsumer" class="hmap.core.hms.thirdparty.queue.SyncGroupConsumer"></bean>
    <bean id="createSculptureConsumer" class="hmap.core.hms.thirdparty.service.impl.CreateSculptureConsumer"></bean>
    <bean id="corpMessageAddReadNumConsumer" class="hmap.core.hms.channel.service.impl.CorpMessageAddReadNumConsumer"></bean>
    <bean id="rongCloudInvitationSmsConsumer" class="hmap.core.hms.thirdparty.queue.RongCloudInvitationSmsConsumer"></bean>
    <!--延时队列-->
    <bean class="hmap.core.hms.system.message.impl.DelayListenerContainer"></bean>
    <!--投票延时队列-->
    <bean id="DelayVoteNtfConsumer" class="hmap.core.hms.vote.service.impl.DelayVoteNtfConsumer"></bean>
    <!--活动延时队列-->
    <bean id="DelayActivityNtfConsumer" class="hmap.core.hms.activity.service.impl.DelayActivityNtfConsumer"/>
    <!--问卷延时队列-->
    <bean id="DelayQuestionnaireNtfConsumer" class="hmap.core.hms.questionnaire.service.impl.DelayQuestionnaireNtfConsumer"/>
    <bean id="sendCorpMessageConsumer" class="hmap.core.hms.channel.service.impl.SendCorpMessageConsumer"></bean>
    <bean id="messageRoutingConsumer" class="hmap.core.hms.thirdparty.queue.MessageRoutingConsumer"/>
</beans>
