<?xml version="1.0" encoding="UTF-8"?>
<beans xmlns="http://www.springframework.org/schema/beans"
       xmlns:xsi="http://www.w3.org/2001/XMLSchema-instance"
       xsi:schemaLocation="http://www.springframework.org/schema/beans http://www.springframework.org/schema/beans/spring-beans-4.0.xsd">

    <!--<bean id="pushIndexConsumer" class="hmap.core.hms.contact.message.impl.PushConsumer"></bean>-->

    <bean id="hmsMessageSource" class="org.springframework.context.support.ResourceBundleMessageSource">
        <property name="basenames">
            <list>
                <value>staffMessages</value>
                <value>deptMessages</value>
            </list>
        </property>
        <property name="defaultEncoding" value="UTF-8" />
    </bean>
</beans>
