<?xml version="1.0" encoding="UTF-8"?>
<beans xmlns="http://www.springframework.org/schema/beans"
       xmlns:xsi="http://www.w3.org/2001/XMLSchema-instance"
       xsi:schemaLocation="http://www.springframework.org/schema/beans http://www.springframework.org/schema/beans/spring-beans.xsd"
       default-autowire="byName" default-lazy-init="true">

    <!-- http连接池 -->
    <bean id="pollingConnectionManager"
          class="org.apache.http.impl.conn.PoolingHttpClientConnectionManager">
        <!-- 最大连接数 -->
        <property name="maxTotal" value="1000"/>
        <!-- 同一个主机(IP)的最大并发连接数 -->
        <property name="defaultMaxPerRoute" value="500"/>
    </bean>
    <bean id="httpClientBuilder" class="org.apache.http.impl.client.HttpClientBuilder"
          factory-method="create">
        <property name="connectionManager" ref="pollingConnectionManager"/>
    </bean>
    <bean id="httpClient" factory-bean="httpClientBuilder" factory-method="build"/>

    <bean id="clientHttpRequestFactory"
          class="org.springframework.http.client.HttpComponentsClientHttpRequestFactory">
        <constructor-arg ref="httpClient"/>
        <property name="connectTimeout" value="30000"/>
        <property name="readTimeout" value="30000"/>
    </bean>

    <bean id="restTemplate" class="org.springframework.web.client.RestTemplate">
        <constructor-arg name="requestFactory" ref="clientHttpRequestFactory"/>
        <property name="messageConverters">
            <list>
                <bean class="org.springframework.http.converter.StringHttpMessageConverter">
                    <constructor-arg name="defaultCharset" value="UTF-8"/>
                    <property name="supportedMediaTypes">
                        <list>
                            <value>text/html;charset=UTF-8</value>
                            <value>application/json;charset=UTF-8</value>
                            <value>application/x-www-form-urlencoded;charset=UTF-8</value>
                        </list>
                    </property>
                </bean>
            </list>
        </property>
    </bean>

</beans>
