<?xml version="1.0" encoding="UTF-8"?>
<beans xmlns="http://www.springframework.org/schema/beans"
       xmlns:xsi="http://www.w3.org/2001/XMLSchema-instance"
       xmlns:context="http://www.springframework.org/schema/context"
       xsi:schemaLocation="http://www.springframework.org/schema/beans http://www.springframework.org/schema/beans/spring-beans-4.0.xsd
                           http://www.springframework.org/schema/context http://www.springframework.org/schema/context/spring-context-4.0.xsd">

    <!-- Root Context: defines shared resources visible to all other web components -->

    <!-- 引入config.properties属性文件 -->
    <context:property-placeholder location="classpath:config.properties"/>


    <bean id="objectMapper" class="com.fasterxml.jackson.databind.ObjectMapper">
    </bean>

    <bean id="redisSentinelConfiguration"
          class="org.springframework.data.redis.connection.RedisSentinelConfiguration">
        <property name="master">
            <bean class="org.springframework.data.redis.connection.RedisNode">
                <property name="name" value="mymaster"/>
            </bean>
        </property>
        <property name="sentinels" ref="redisNodes"/>
    </bean>

    <bean id="redisNodes" class="com.hand.hap.core.impl.RedisNodeAutoConfig">
        <property name="sentinels" value="${redis.sentinel}"/>
    </bean>

    <!--这里添加的是Redis，因为使用的是Spring里自带的Redis的Session策略 -->
    <bean id="v2redisConnectionFactory" class="com.hand.hap.core.JedisConnectionFactoryBean">

        <property name="useSentinel" value="${redis.useSentinel}"/>

        <property name="sentinelConfiguration" ref="redisSentinelConfiguration"/>
        <property name="hostName" value="${redis.ip}"/>
        <property name="port" value="${redis.port}"/>
        <property name="database" value="${redis.db}"/>
        <property name="poolConfig">
            <bean class="redis.clients.jedis.JedisPoolConfig">
                <property name="maxIdle" value="999"/>
                <property name="maxTotal" value="9999"/>
                <property name="minIdle" value="20"/>
            </bean>
        </property>
    </bean>

    <bean id="stringRedisSerializer"
          class="org.springframework.data.redis.serializer.StringRedisSerializer"/>

    <bean id="v2redisTemplate" class="org.springframework.data.redis.core.RedisTemplate">
        <property name="connectionFactory" ref="v2redisConnectionFactory"/>
        <property name="keySerializer" ref="stringRedisSerializer"/>
        <property name="valueSerializer" ref="stringRedisSerializer"/>
        <property name="hashKeySerializer" ref="stringRedisSerializer"/>
        <property name="hashValueSerializer" ref="stringRedisSerializer"/>
    </bean>
    <!-- 这里的是为了下面的 Session策略过滤器提供构造函数传入的参数，因为Session过滤器要依赖该对象来构造，所以创建一个先 -->
    <bean name="redisOperationsSessionRepository"
          class="org.springframework.session.data.redis.RedisOperationsSessionRepository">
        <constructor-arg ref="v2redisConnectionFactory"/>
        <property name="defaultMaxInactiveInterval" value="86400"/>
    </bean>

    <!-- 这个是Session策略过滤器，即将容器原有的Session持久化机制，代替为Spring的 Redis持久化Session机制。 -->
    <!-- 注意，这个名字与 web.xml里的targetBean的下value是要一致的。 -->
    <bean name="springSession" class="org.springframework.session.web.http.SessionRepositoryFilter">
        <constructor-arg ref="redisOperationsSessionRepository"/>
        <property name="httpSessionStrategy" ref="cookieHttpSessionStrategy"/>
    </bean>

    <bean id="promptCache" class="com.hand.hap.cache.impl.HashStringRedisCache">
        <property name="name" value="prompt"/>
        <property name="type" value="java.lang.String"/>
        <property name="keyField" value="promptCode,lang"/>
        <property name="valueField" value="description"/>
        <property name="loadOnStartUp" value="true"/>
        <property name="sqlId" value="com.hand.hap.system.mapper.PromptMapper.selectAll"/>
    </bean>
    <bean id="languageCache" class="com.hand.hap.cache.impl.HashStringRedisCache">
        <property name="name" value="language"/>
        <property name="type" value="com.hand.hap.system.dto.Language"/>
        <property name="keyField" value="langCode"/>
        <property name="loadOnStartUp" value="true"/>
        <property name="sqlId" value="com.hand.hap.system.mapper.LanguageMapper.selectAll"/>
    </bean>

    <bean id="functionCache" class="com.hand.hap.cache.impl.HashStringRedisCacheGroup">
        <property name="name" value="function"/>
        <property name="type" value="com.hand.hap.function.dto.Function"/>
        <property name="groupField" value="lang"/>
        <property name="keyField" value="functionId"/>
        <property name="loadOnStartUp" value="true"/>
        <property name="sqlId" value="com.hand.hap.function.mapper.FunctionMapper.selectForCache"/>
    </bean>
    <bean id="systemConfigCache" class="hmap.core.hms.system.cache.impl.HmsSystemConfigCache">
        <property name="name" value="systemConfig"/>
    </bean>
<!--    <bean id="tokenBucketCache" class="com.hand.hap.cache.impl.HashStringRedisCache">
        <property name="name" value="tokenBucket"/>
        <property name="type" value="hmap.core.hms.system.domain.TokenBucket"/>
        <property name="keyField" value="tokenKey"/>
        <property name="loadOnStartUp" value="false"/>
    </bean>-->
    <bean id="deptCache" class="com.hand.hap.cache.impl.HashStringRedisCache">
        <property name="name" value="dept"/>
        <property name="type" value="hmap.core.hms.contact.dto.HmsDeptSimpleInfoDTO"/>
        <property name="keyField" value="id"/>
        <property name="loadOnStartUp" value="false"/>
        <property name="sqlId" value="hmap.core.hms.mapper.HmsDeptMapper.selectAllDept"/>
    </bean>
    <bean id="roleFunctionCache" class="com.hand.hap.cache.impl.RoleFunctionCache">
        <property name="name" value="role_function"/>
    </bean>
    <bean id="roleResourceCache" class="com.hand.hap.cache.impl.RoleResourceCache">
        <property name="name" value="role_resource"/>
    </bean>
    <bean id="lovCache" class="com.hand.hap.cache.impl.LovCache">
        <property name="name" value="lov"/>
    </bean>
    <bean id="codeCache" class="com.hand.hap.cache.impl.SysCodeCache">
        <property name="name" value="code"/>
    </bean>
    <bean id="apiCache" class="hmap.core.hms.api.cache.impl.ApiCache">
        <property name="name" value="api"/>
    </bean>
    <bean id="hmsStaffCache" class="hmap.core.hms.contact.cache.impl.HmsStaffCache">
        <property name="name" value="staff"/>
    </bean>
    <bean id="hmsStaffTokenCache" class="hmap.core.hms.thirdparty.cache.impl.HmsStaffTokenCache">
        <property name="name" value="staffToken"/>
    </bean>
    <bean id="interfaceAuthCache" class="hmap.core.hms.api.cache.impl.HmsInterfaceAuthCache">
        <property name="name" value="interfaceAuth"/>
    </bean>
    <bean id="oauthTokenCache" class="com.hand.hap.cache.impl.HashStringRedisCache">
        <property name="name" value="oauthToken"/>
        <property name="type" value="org.springframework.security.oauth2.common.OAuth2AccessToken"/>
        <property name="keyField" value="value"/>
        <property name="loadOnStartUp" value="false"/>
    </bean>
    <bean id="tokenBucketCache" class="com.hand.hap.cache.impl.HashStringRedisCache">
        <property name="name" value="tokenBucket"/>
        <property name="type" value="hmap.core.hms.system.domain.TokenBucket"/>
        <property name="keyField" value="tokenKey"/>
        <property name="loadOnStartUp" value="false"/>
    </bean>
    <bean id="verificationCodeCache" class="com.hand.hap.cache.impl.HashStringRedisCache">
        <property name="name" value="VerificationCode"/>
        <property name="type" value="hmap.core.verificationCode.dto.VerificationCode"/>
        <property name="keyField" value="verificationCode"/>
        <property name="loadOnStartUp" value="false"/>
    </bean>
    <bean id="experienceStaff" class="com.hand.hap.cache.impl.HashStringRedisCache">
        <property name="name" value="ExperienceStaff"/>
        <property name="type" value="hmap.core.security.dto.HmsExperienceStaffDto"/>
        <property name="keyField" value="ExperienceStaff"/>
        <property name="loadOnStartUp" value="false"/>
    </bean>
    <bean id="previewCache" class="com.hand.hap.cache.impl.HashStringRedisCache">
        <property name="name" value="previewCache"/>
        <property name="type" value="java.util.Map"/>
        <property name="keyField" value="value"/>
        <property name="loadOnStartUp" value="false"/>
    </bean>
    <bean id="appMenuCache" class="hmap.core.hms.menu.cache.impl.HmsAppMenuCache">
        <property name="name" value="appMenu"/>
        <property name="type" value="java.lang.String"/>
        <property name="loadOnStartUp" value="false"/>
    </bean>
    <bean id="updatePwdValidCache" class="com.hand.hap.cache.impl.HashStringRedisCache">
        <property name="name" value="updatePwdValid"/>
        <property name="type" value="java.lang.String"/>
        <property name="keyField" value="value"/>
        <property name="loadOnStartUp" value="false"/>
    </bean>
    <bean id="hmsMessageFreeCache" class="hmap.core.hms.thirdparty.cache.impl.HmsMessageFreeCache">
        <property name="name" value="messageFree"/>
    </bean>
    <bean id="cacheManager" class="com.hand.hap.cache.impl.CacheManagerImpl">
        <property name="caches">
            <list>
                <ref bean="hmsMessageFreeCache"/>
                <ref bean="languageCache"/>
                <ref bean="promptCache"/>
                <ref bean="functionCache"/>
                <ref bean="roleFunctionCache"/>
                <ref bean="roleResourceCache"/>
                <ref bean="lovCache"/>
                <ref bean="codeCache"/>
                <ref bean="apiCache"/>
                <ref bean="interfaceAuthCache"/>
                <ref bean="hmsStaffCache"/>
                <ref bean="hmsStaffTokenCache"/>
                <ref bean="systemConfigCache"/>
                <ref bean="tokenBucketCache"/>
                <ref bean="deptCache"/>
                <ref bean="oauthTokenCache"/>
                <ref bean="verificationCodeCache"/>
                <ref bean="experienceStaff"/>
                <ref bean="previewCache"/>
                <ref bean="updatePwdValidCache"/>
                <bean class="com.hand.hap.cache.impl.RedisCache">
                    <property name="name" value="resource_url"/>
                    <property name="type" value="com.hand.hap.function.dto.Resource"/>
                    <property name="keyField" value="url"/>
                    <property name="loadOnStartUp" value="true"/>
                    <property name="sqlId"
                              value="com.hand.hap.function.mapper.ResourceMapper.selectAll"/>
                </bean>
                <bean class="com.hand.hap.cache.impl.RedisCache">
                    <property name="name" value="resource_id"/>
                    <property name="type" value="com.hand.hap.function.dto.Resource"/>
                    <property name="keyField" value="resourceId"/>
                    <property name="loadOnStartUp" value="true"/>
                    <property name="sqlId"
                              value="com.hand.hap.function.mapper.ResourceMapper.selectAll"/>
                </bean>
            </list>
        </property>
    </bean>
    <bean id="languageProvider" class="com.hand.hap.core.impl.CacheBasedLanguageProvider">
        <property name="cacheName" value="language"/>
    </bean>

    <bean id="cacheReloadProcessor" class="com.hand.hap.cache.impl.CacheReloadProcessor">
        <property name="queue" value="queue:cache:reload"/>
        <property name="publishMessageTo" value="topic:cache:reloaded"/>
    </bean>

</beans>

