<?xml version="1.0" encoding="UTF-8"?>
<beans xmlns="http://www.springframework.org/schema/beans"
       xmlns:xsi="http://www.w3.org/2001/XMLSchema-instance"
       xmlns:context="http://www.springframework.org/schema/context"
       xmlns:elasticsearch="http://www.springframework.org/schema/data/elasticsearch"
       xmlns:repositories="http://www.springframework.org/schema/data/repository"
       xsi:schemaLocation="http://www.springframework.org/schema/data/elasticsearch http://www.springframework.org/schema/data/elasticsearch/spring-elasticsearch.xsd
        http://www.springframework.org/schema/beans http://www.springframework.org/schema/beans/spring-beans.xsd
        http://www.springframework.org/schema/beans http://www.springframework.org/schema/beans/spring-beans-4.0.xsd
                           http://www.springframework.org/schema/context http://www.springframework.org/schema/context/spring-context-4.0.xsd">

    <bean id="refProperties" class="org.springframework.beans.factory.config.PropertiesFactoryBean">
        <property name="locations">
            <bean class="org.springframework.beans.factory.config.MethodInvokingFactoryBean">
                <property name="targetObject" ref="systemJudgeUtil"/>
                <property name="targetMethod">
                    <value>getLocaltions</value>
                </property>
            </bean>
        </property>
    </bean>
    <context:property-placeholder order="1" properties-ref="refProperties"
                                  ignore-unresolvable="false"/>
    <!--<context:property-placeholder properties-ref="refProperties" />-->

    <bean id="systemJudgeUtil" class="hmap.core.util.SystemJudgeUtil"/>
    <elasticsearch:node-client id="client" local="true" path-home="${elasticsearch.index.path}"/>

    <bean name="elasticsearchTemplate"
          class="org.springframework.data.elasticsearch.core.ElasticsearchTemplate">
        <constructor-arg name="client" ref="client"/>
    </bean>

    <elasticsearch:repositories base-package="hmap.core">
        <repositories:include-filter type="regex"
                                     expression=".*Repository"></repositories:include-filter>

    </elasticsearch:repositories>

</beans>
