<?xml version="1.0" encoding="UTF-8"?>
<metadata modelVersion="1.1.0">
  <groupId>com.hand</groupId>
  <artifactId>hmap-plugin-appcenter</artifactId>
  <version>2.2-SNAPSHOT</version>
  <versioning>
    <snapshot>
      <timestamp>20180112.014652</timestamp>
      <buildNumber>99</buildNumber>
    </snapshot>
    <lastUpdated>20180112014652</lastUpdated>
    <snapshotVersions>
      <snapshotVersion>
        <extension>jar</extension>
        <value>2.2-20180112.014652-99</value>
        <updated>20180112014652</updated>
      </snapshotVersion>
      <snapshotVersion>
        <extension>pom</extension>
        <value>2.2-20180112.014652-99</value>
        <updated>20180112014652</updated>
      </snapshotVersion>
      <snapshotVersion>
        <extension>war</extension>
        <value>2.2-20170630.025911-8</value>
        <updated>20170630025911</updated>
      </snapshotVersion>
      <snapshotVersion>
        <classifier>classes</classifier>
        <extension>jar</extension>
        <value>2.2-20170630.025911-8</value>
        <updated>20170630025911</updated>
      </snapshotVersion>
    </snapshotVersions>
  </versioning>
</metadata>
