<?xml version="1.0" encoding="UTF-8" ?>
<!--
  ~ #{copyright}#
  -->

<!DOCTYPE mapper PUBLIC "-//mybatis.org//DTD Mapper 3.0//EN" "http://mybatis.org/dtd/mybatis-3-mapper.dtd" >
<mapper namespace="com.hand.hap.mapper.StdMapper">
    <resultMap id="STD" type="com.hand.hap.system.dto.BaseDTO">
        <result column="OBJECT_VERSION_NUMBER" property="objectVersionNumber" jdbcType="DECIMAL"/>
        <result column="REQUEST_ID" property="requestId" jdbcType="DECIMAL"/>
        <result column="PROGRAM_ID" property="programId" jdbcType="DECIMAL"/>
        <result column="CREATION_DATE" property="creationDate" jdbcType="TIMESTAMP"/>
        <result column="CREATED_BY" property="createdBy" jdbcType="DECIMAL"/>
        <result column="LAST_UPDATED_BY" property="lastUpdatedBy" jdbcType="DECIMAL"/>
        <result column="LAST_UPDATE_DATE" property="lastUpdateDate" jdbcType="TIMESTAMP"/>
        <result column="LAST_UPDATE_LOGIN" property="lastUpdateLogin" jdbcType="DECIMAL"/>
        <result column="ATTRIBUTE_CATEGORY" property="attributeCategory" jdbcType="VARCHAR"/>
        <result column="ATTRIBUTE1" property="attribute1" jdbcType="VARCHAR"/>
        <result column="ATTRIBUTE2" property="attribute2" jdbcType="VARCHAR"/>
        <result column="ATTRIBUTE3" property="attribute3" jdbcType="VARCHAR"/>
        <result column="ATTRIBUTE4" property="attribute4" jdbcType="VARCHAR"/>
        <result column="ATTRIBUTE5" property="attribute5" jdbcType="VARCHAR"/>
        <result column="ATTRIBUTE6" property="attribute6" jdbcType="VARCHAR"/>
        <result column="ATTRIBUTE7" property="attribute7" jdbcType="VARCHAR"/>
        <result column="ATTRIBUTE8" property="attribute8" jdbcType="VARCHAR"/>
        <result column="ATTRIBUTE9" property="attribute9" jdbcType="VARCHAR"/>
        <result column="ATTRIBUTE10" property="attribute10" jdbcType="VARCHAR"/>
        <result column="ATTRIBUTE11" property="attribute11" jdbcType="VARCHAR"/>
        <result column="ATTRIBUTE12" property="attribute12" jdbcType="VARCHAR"/>
        <result column="ATTRIBUTE13" property="attribute13" jdbcType="VARCHAR"/>
        <result column="ATTRIBUTE14" property="attribute14" jdbcType="VARCHAR"/>
        <result column="ATTRIBUTE15" property="attribute15" jdbcType="VARCHAR"/>
    </resultMap>
    <sql id="Base_Column_List">
        OBJECT_VERSION_NUMBER, REQUEST_ID,PROGRAM_ID,
        CREATION_DATE, CREATED_BY, LAST_UPDATED_BY, LAST_UPDATE_DATE, LAST_UPDATE_LOGIN,
        ATTRIBUTE_CATEGORY, ATTRIBUTE1, ATTRIBUTE2, ATTRIBUTE3, ATTRIBUTE4, ATTRIBUTE5, ATTRIBUTE6, 
        ATTRIBUTE7, ATTRIBUTE8, ATTRIBUTE9, ATTRIBUTE10, ATTRIBUTE11, ATTRIBUTE12, ATTRIBUTE13, 
        ATTRIBUTE14, ATTRIBUTE15
    </sql>
</mapper>