<?xml version="1.0" encoding="UTF-8" ?>
<!--
  ~ #{copyright}#
  -->

<!DOCTYPE mapper PUBLIC "-//mybatis.org//DTD Mapper 3.0//EN" "http://mybatis.org/dtd/mybatis-3-mapper.dtd" >
<mapper namespace="com.hand.hap.account.mapper.UserRoleMapper" >
  <resultMap id="BaseResultMap" type="com.hand.hap.account.dto.UserRole" extends="com.hand.hap.mapper.StdMapper.STD" >
    <id column="SUR_ID" property="surId" jdbcType="DECIMAL" />
    <result column="USER_ID" property="userId" jdbcType="DECIMAL" />
    <result column="ROLE_ID" property="roleId" jdbcType="DECIMAL" />
    <result column="DEFAULT_FLAG" property="defaultFlag" jdbcType="VARCHAR" />
  </resultMap>
  <sql id="Base_Column_List" >
    SUR_ID, USER_ID, ROLE_ID, DEFAULT_FLAG
  </sql>
  
  <delete id="deleteByUserId" parameterType="java.lang.Long" >
    delete from SYS_USER_ROLE
    where USER_ID = #{userId,jdbcType=DECIMAL}
  </delete>
  
  <delete id="deleteByRecord" parameterType="com.hand.hap.account.dto.UserRole">
    delete from SYS_USER_ROLE
    where user_id = #{userId,jdbcType=DECIMAL}
    AND role_id = #{roleId,jdbcType=DECIMAL}
  </delete>
    <delete id="deleteByRoleId" parameterType="java.lang.Long">
        delete from SYS_USER_ROLE
        where role_id = #{roleId,jdbcType=DECIMAL}
    </delete>

</mapper>