<?xml version="1.0" encoding="UTF-8" ?>
<!--
  ~ #{copyright}#
  -->

<!DOCTYPE mapper PUBLIC "-//mybatis.org//DTD Mapper 3.0//EN" "http://mybatis.org/dtd/mybatis-3-mapper.dtd" >
<mapper namespace="com.hand.hap.function.mapper.ResourceMapper" >
  <resultMap id="BaseResultMap" type="com.hand.hap.function.dto.Resource" extends="com.hand.hap.mapper.StdMapper.STD" >
    <id column="RESOURCE_ID" property="resourceId" jdbcType="DECIMAL" />
    <result column="URL" property="url" jdbcType="VARCHAR" />
    <result column="TYPE" property="type" jdbcType="VARCHAR" />
    <result column="NAME" property="name" jdbcType="VARCHAR" />
    <result column="DESCRIPTION" property="description" jdbcType="VARCHAR" />
    <result column="LOGIN_REQUIRE" property="loginRequire" jdbcType="VARCHAR" />
    <result column="ACCESS_CHECK" property="accessCheck" jdbcType="VARCHAR" />
  </resultMap>
  <sql id="Base_Column_List" >
    RESOURCE_ID, URL, TYPE, NAME, DESCRIPTION, ACCESS_CHECK,LOGIN_REQUIRE
  </sql>
  
  <select id="selectResourceByUrl" resultMap="BaseResultMap" parameterType="java.lang.String">
    select *
        from SYS_RESOURCE_B
        where URL like concat('%',concat(#{url,jdbcType=VARCHAR},'%'))
  </select>
  
  <select id="selectResourcesByFunction" resultMap="BaseResultMap" parameterType="com.hand.hap.function.dto.Function">
        select b.RESOURCE_ID, t.NAME, t.DESCRIPTION
          from SYS_RESOURCE_B b, SYS_RESOURCE_TL t, SYS_FUNCTION_RESOURCE sfr
         where b.resource_id = t.resource_id
           and t.lang = #{request.locale,jdbcType=VARCHAR}
           and b.RESOURCE_ID = sfr.RESOURCE_ID
           and sfr.FUNCTION_ID = #{functionId,jdbcType=DECIMAL}
          order b.RESOURCE_ID
  </select>
</mapper>