<?xml version="1.0" encoding="UTF-8" ?>

<!DOCTYPE mapper PUBLIC "-//mybatis.org//DTD Mapper 3.0//EN" "http://mybatis.org/dtd/mybatis-3-mapper.dtd" >
<mapper namespace="hmap.core.hms.system.mapper.HmapRoleMapper">
    <resultMap id="BaseResultMap" type="hmap.core.hms.system.dto.HmapSysRoleDTO">
    </resultMap>

    <select id="queryRoleByfuzzy" resultMap="BaseResultMap">
        SELECT rl.ROLE_ID roleId,rl.ROLE_CODE roleCode,rl.ROLE_NAME roleName,
        rl.ROLE_DESCRIPTION roleDescription,rl.LAST_UPDATE_DATE lastUpdateDate,
        rl.is_default_role isDefaultRole,rl.rl_group_id rlGroupId,rlg.rl_group_value rlGroupValue
        FROM sys_role_b rl,sys_role_group rlg
        WHERE rl.rl_group_id=rlg.rl_group_id
        <if test="organizationId==null">
            AND rlg.ORGANIZATION_ID is NULL
        </if>
        <if test="organizationId!=null">
            AND rlg.ORGANIZATION_ID = #{organizationId}
        </if>
        <if test="fuzzyCondition != null">
            AND (rlg.rl_group_value LIKE '%${fuzzyCondition}%' OR rl.ROLE_NAME LIKE '%${fuzzyCondition}%')
        </if>
        <if test="rlGroupId != null and rlGroupId != ''">
            AND rl.rl_group_id = #{rlGroupId}
        </if>
        <if test="orderByCondition == 'BT'">
            ORDER BY rl.LAST_UPDATE_DATE DESC
        </if>
        <if test="orderByCondition == 'BG'">
            ORDER BY rlg.rl_group_value
        </if>
        <if test="orderByCondition == 'BD'">
            ORDER BY rlg.LAST_UPDATE_DATE DESC,rlg.rl_group_value,rl.LAST_UPDATE_DATE DESC
        </if>
    </select>
    <select id="queryRoleCountByGroup" resultType="java.lang.Integer">
        SELECT count(*)
        FROM sys_role_b
        WHERE rl_group_id=#{rlGroupId}
    </select>
    <select id="queryRoleByUserId" resultMap="BaseResultMap">
        SELECT  rb.ROLE_ID roleId,rb.ROLE_CODE roleCode,rb.ROLE_NAME roleName,
        rb.ROLE_DESCRIPTION roleDescription,rb.LAST_UPDATE_DATE lastUpdateDate,
        rb.is_default_role isDefaultRole,rb.rl_group_id rlGroupId
        FROM sys_role_b rb,sys_user_role ur
        WHERE rb.ROLE_ID=ur.ROLE_ID
        AND ur.USER_ID=#{userId}
    </select>

    <select id="selectRoleByCodeOrName" resultMap="BaseResultMap">
        SELECT  rb.ROLE_ID roleId,rb.ROLE_CODE roleCode,rb.ROLE_NAME roleName,
        rb.ROLE_DESCRIPTION roleDescription,rb.LAST_UPDATE_DATE lastUpdateDate,
        rb.is_default_role isDefaultRole,rb.rl_group_id rlGroupId
        FROM sys_role_b rb
        WHERE (rb.ROLE_CODE=#{roleCode} OR rb.ROLE_NAME = #{roleName})
        AND rb.rl_group_id = #{rlGroupId}
    </select>
</mapper>
