<?xml version="1.0" encoding="UTF-8"?>
<!DOCTYPE mapper
        PUBLIC "-//mybatis.org//DTD Mapper 3.0//EN"
        "http://mybatis.org/dtd/mybatis-3-mapper.dtd">
<mapper namespace="hmap.core.hms.audit.mapper.HmsAuditLogMapper">
    <resultMap id="auditLogMap" type="hmap.core.hms.audit.dto.HmsAuditLogDTO"
               extends="com.hand.hap.mapper.StdMapper.STD">
        <result column="ID" property="id" jdbcType="VARCHAR"/>
        <result column="AUDIT_DATE" property="auditDate" jdbcType="VARCHAR"/>
        <result column="AUDIT_SOURCE" property="auditSource" jdbcType="VARCHAR"/>
        <result column="OPERATOR" property="operator" jdbcType="VARCHAR"/>
        <result column="TRANSACTION_NAME" property="transactionName" jdbcType="VARCHAR"/>
        <result column="AUDIT_CONTENT" property="auditContent" jdbcType="VARCHAR"/>
    </resultMap>
    <select id="selectAuditLog" resultMap="auditLogMap" parameterType="hmap.core.hms.audit.dto.HmsAuditLogDTO">
        SELECT ID,AUDIT_DATE,scv.MEANING AUDIT_SOURCE,OPERATOR,tcv.MEANING TRANSACTION_NAME,AUDIT_CONTENT
        FROM hms_audit_log hal,
        (select v.MEANING ,v.VALUE from sys_code_b c,sys_code_value_b v where code ='HMS_AUDIT_SOURCE'
        and c.CODE_ID=v.CODE_ID) scv ,
        (select v.MEANING ,v.VALUE from sys_code_b c,sys_code_value_b v where code ='HMS_TRANSACTION_NAME'
        and c.CODE_ID=v.CODE_ID) tcv  WHERE
        ORGANIZATION_ID = #{organizationId}
        <if test="startDate !=null &amp; endDate !=null">
            AND AUDIT_DATE BETWEEN  #{startDate,jdbcType=VARCHAR} AND #{endDate,jdbcType=VARCHAR}
        </if>
        <if test="auditSource != null">
            AND AUDIT_SOURCE = #{auditSource}
        </if>
        <if test="operator != null">
            AND OPERATOR LIKE CONCAT('%',#{operator},'%')
        </if>
        <if test="transactionName != null">
            AND TRANSACTION_NAME LIKE CONCAT('%',#{transactionName},'%')
        </if>
        and scv.value=hal.AUDIT_SOURCE
        and tcv.value=hal.TRANSACTION_NAME
        ORDER BY AUDIT_DATE DESC
    </select>

    <delete id="deleteOldLog">
        delete from hms_audit_log where str_to_date(audit_date,'%Y-%m-%d')  <![CDATA[<]]> #{date}
    </delete>



    <delete id="deleteOldLogForOracle">
        delete
        from hms_audit_log
        where to_date(audit_date,'yyyy-mm-dd hh24:mi:ss') <![CDATA[<]]> to_date(#{date},'yyyy-mm-dd hh24:mi:ss')
    </delete>
</mapper>