<?xml version="1.0" encoding="UTF-8"?>
<!DOCTYPE mapper
        PUBLIC "-//mybatis.org//DTD Mapper 3.0//EN"
        "http://mybatis.org/dtd/mybatis-3-mapper.dtd">
<mapper namespace="hmap.core.hms.system.mapper.HmsActiveTraceMapper">


 	<resultMap id="BaseResultMap" type="hmap.core.hms.system.dto.HmsActiveTraceDTO">
		<id column="id" property="id" jdbcType="VARCHAR" />
		<result column="user_name" property="userName" jdbcType="VARCHAR" />
		<result column="access_date" property="accessDate" jdbcType="VARCHAR" />
		<result column="ORGANIZATION_ID" property="organizationId" jdbcType="VARCHAR" />
	</resultMap>

	<resultMap id="BaseResultMap2" type="hmap.core.hms.system.dto.HmsActiveDataDTO">
	</resultMap>
	<resultMap id="BaseResultMap3" type="hmap.core.hms.system.dto.HmsInterfaceCountDTO">
	</resultMap>

	<select id="selectByUserNameAndDate" resultMap="BaseResultMap">
		select *
		from hms_active_trace
		where user_name =#{userName} and access_date=#{date} AND ORGANIZATION_ID = #{organizationId}
	</select>
	<delete id="cleanData">
		DELETE
		from hms_active_trace
		where user_name =#{userName} and access_date=#{date} AND ORGANIZATION_ID = #{organizationId}
	</delete>
	<delete id="cleanDataForOracle">
		DELETE
		from hms_active_trace
		where user_name =#{userName} and access_date=to_date(#{date},'yyyy-mm-dd hh24:mi:ss') AND ORGANIZATION_ID = #{organizationId}
	</delete>

	<select id="selectStatisticalData" resultMap="BaseResultMap2">
-- 		select COUNT(user_name) count,DATE_FORMAT(last_active,'%Y-%m-%d') day
-- 		  from hms_active_trace
-- 		GROUP BY DATE_FORMAT(last_active,'%Y-%m-%d')
-- 		ORDER BY last_active
		select IF(c.count is null,0,c.count) count,hdt.date day
		from (select count(user_name) count,access_date
		from hms_active_trace
		where ORGANIZATION_ID = #{organizationId}
		GROUP BY access_date) c RIGHT JOIN hms_date_table hdt on c.access_date = hdt.date
		where hdt.date &gt;=#{from} and hdt.date &lt;= #{to}
		order by hdt.date
	</select>

	<select id="selectCountSystem" resultMap="BaseResultMap3">
		SELECT s.header_id headerId,s.systemCount,s.INTERFACE_CODE interfaceCode,i.interfaceCount
		from (select count(*) systemCount,INTERFACE_CODE,header_id
		from hms_interface_header_b
		GROUP BY header_id) s,(select count(*) interfaceCount,header_id
		from hms_interface_line_b
		GROUP BY header_id) i
		where s.header_id=i.header_id
	</select>
	<select id="selectOrganizationIdByUserName" resultMap="BaseResultMap">
		select ORGANIZATION_ID
		from sys_user
		where USER_NAME=#{userName}
	</select>



	<select id="selectByUserNameAndDateForOracle" resultMap="BaseResultMap">
		select *
		from hms_active_trace
		where user_name =#{userName} and access_date=to_date(#{date},'yyyy-mm-dd hh24:mi:ss') AND ORGANIZATION_ID = #{organizationId}
	</select>
	<insert id="insertSelectiveForOracle" >
		INSERT INTO hms_active_trace
			  (id,user_name,access_date,organization_id)
		VALUES(#{id},#{userName},
		to_date(to_char(to_date(#{accessDate},'yyyy-mm-dd hh24:mi:ss'),'yyyy-mm-dd'),'yyyy-mm-dd'),
		#{organizationId})
	</insert>
	<select id="selectStatisticalDataForOracle" resultMap="BaseResultMap2">
		select nvl2(c."count",c."count",0) "count",hdt."DATE" "day"
		from
		(
		select count(user_name) "count",ACCESS_DATE
		from hms_active_trace
		where ORGANIZATION_ID = #{organizationId}
		GROUP BY ACCESS_DATE
		) c RIGHT JOIN hms_date_table hdt on c.ACCESS_DATE = hdt."DATE"
		where hdt."DATE" &gt;=to_date(#{from},'yyyy-mm-dd hh24:mi:ss') and hdt."DATE" &lt;= to_date(#{to},'yyyy-mm-dd hh24:mi:ss')
		order by hdt."DATE"
	</select>
	<select id="selectCountSystemForOracle" resultMap="BaseResultMap3">
		SELECT s.header_id headerId,s.systemCount,s.INTERFACE_CODE interfaceCode,i.interfaceCount
		from (
		select count(*) systemCount,INTERFACE_CODE,header_id
		from hms_interface_header_b
		GROUP BY header_id,INTERFACE_CODE
		) s,
		(
		select count(*) interfaceCount,header_id
		from hms_interface_line_b
		GROUP BY header_id
		) i
		where s.header_id=i.header_id
	</select>
</mapper>
