<?xml version="1.0" encoding="UTF-8" ?>
<!DOCTYPE mapper
        PUBLIC "-//mybatis.org//DTD Mapper 3.0//EN"
        "http://mybatis.org/dtd/mybatis-3-mapper.dtd">

<mapper namespace="hmap.core.hms.system.mapper.HmsAccountMapper">

    <resultMap id="BaseResultMap" type="hmap.core.hms.system.domain.HmsAccount">
        <id column="user_id" property="userId" jdbcType="VARCHAR" />
        <result column="phone" property="phone" jdbcType="VARCHAR" />
        <result column="password_encrypted" property="passwordEncrypted" jdbcType="VARCHAR" />
        <result column="start_active_date" property="startActiveDate" jdbcType="TIMESTAMP" />
        <result column="end_active_date" property="endActiveDate" jdbcType="TIMESTAMP" />
        <result column="email" property="email" jdbcType="VARCHAR" />
        <result column="status" property="status" jdbcType="VARCHAR" />
        <result column="master_Organization_Id" property="masterOrganizationId" jdbcType="VARCHAR" />
        <result column="have_Register" property="haveRegister" jdbcType="VARCHAR" />
        <result column="third_Party_Id" property="thirdPartyId" jdbcType="VARCHAR" />
        <result column="is_Activated" property="isActivated" jdbcType="VARCHAR" />
        <result column="activated_Date" property="activatedDate" jdbcType="TIMESTAMP" />
        <result column="admin_User_Name" property="adminUserName" jdbcType="VARCHAR" />
        <result column="attribute1" property="attribute1" jdbcType="VARCHAR" />
        <result column="attribute2" property="attribute2" jdbcType="VARCHAR" />
        <result column="attribute3" property="attribute3" jdbcType="VARCHAR" />
        <result column="attribute4" property="attribute4" jdbcType="VARCHAR" />
        <result column="attribute5" property="attribute5" jdbcType="VARCHAR" />
        <result column="attribute6" property="attribute6" jdbcType="VARCHAR" />
        <result column="attribute7" property="attribute7" jdbcType="VARCHAR" />
        <result column="attribute8" property="attribute8" jdbcType="VARCHAR" />
        <result column="attribute9" property="attribute9" jdbcType="VARCHAR" />
    </resultMap>

    <update id="updatePwdAndHaveRegister" flushCache="true">
        UPDATE hms_account u SET u.PASSWORD_ENCRYPTED = #{password},u.LAST_UPDATE_DATE = #{date}
        <if test="haveRegister != null">
            ,u.HAVE_REGISTER = #{haveRegister}
        </if>
        where u.user_id = #{userId}
    </update>

    <update id="activatedAccount">
        update hms_account SET IS_ACTIVATED = 'Y',ACTIVATED_DATE=current_timestamp
        WHERE (IS_ACTIVATED <![CDATA[<>]]> 'Y' OR ACTIVATED_DATE IS NULL)
        <if test="type == 'phone'">
            AND PHONE = #{param}
        </if>
        <if test="type == 'thirdPartyId'">
            AND THIRD_PARTY_ID = #{param}
        </if>
        <if test = "type == 'email'">
            AND EMAIL = #{param}
        </if>
    </update>

    <select id="selectOrganizationIdsByPhoneAndThirdPartyId" resultType="java.lang.String">
        select distinct(hs.ORGANIZATION_ID) from hms_staff hs WHERE 1=2
        <if test="phone != null">
        UNION
        select distinct(hs.ORGANIZATION_ID) from hms_staff hs WHERE hs.MOBILE IS NOT NULL AND hs.MOBILE = #{phone}
        </if>
        <if test="phone == null and thirdPartyId != null">
        UNION
        select distinct(hs.ORGANIZATION_ID) from hms_staff hs WHERE hs.THIRD_PARTY_ID IS NOT NULL AND hs.THIRD_PARTY_ID = #{thirdPartyId}
        </if>
    </select>

    <select id="selectUserNameByParams" resultType="java.lang.String">
        SELECT hs.ACCOUNT_NUMBER FROM hms_staff hs WHERE hs.ORGANIZATION_ID = #{organizationId}
        <if test="phone != null">
            AND hs.mobile = #{phone}
        </if>
        <if test="phone == null and thirdPartyId != null">
            AND hs.THIRD_PARTY_ID = #{thirdPartyId}
        </if>
        <if test="phone == null and thirdPartyId == null and email != null">
            AND hs.email = #{email}
        </if>
    </select>

    <select id="selectThirdPartyIdByUserName" resultType="java.lang.String">
        SELECT hs.THIRD_PARTY_ID  FROM hms_staff hs WHERE hs.ACCOUNT_NUMBER = #{userName}
        <if test="organizationId != null">
            AND hs.ORGANIZATION_ID = #{organizationId}
        </if>
    </select>

    <select id="selectByPhone" resultMap="BaseResultMap">
        SELECT ha.*  FROM  hms_account ha where ha.phone = #{phone}
    </select>

</mapper>