<?xml version="1.0" encoding="UTF-8" ?>

<!DOCTYPE mapper PUBLIC "-//mybatis.org//DTD Mapper 3.0//EN" "http://mybatis.org/dtd/mybatis-3-mapper.dtd" >
<mapper namespace="hmap.core.hms.system.mapper.HmsClientOrganizationMapper">
    <resultMap id="corpOrganizationMap" type="hmap.core.hms.system.dto.HmsCorpOrganizationDTO">
        <result column="CORP_NAME" property="corpName" jdbcType="VARCHAR"/>
        <result column="ORGANIZATION_ID" property="organizationId" jdbcType="VARCHAR"/>
    </resultMap>
    <select id="selectClientCanCreate" resultType="hmap.core.hms.system.dto.HmsClientOrganizationDto">
            SELECT  client_id clientId,can_create canCreate from oauth_client_details where client_id=#{0}
        </select>

    <select id="selectCorpByClientId" resultMap="corpOrganizationMap">
        select
        hci.CORP_NAME, oco.organization_id
        from
        oauth_client_organization oco,
        hms_corp_info hci
        where
        hci.ID = oco.organization_id
        and oco.client_id = #{clientId}
        <if test="corpName != null and corpName != ''">
            and hci.CORP_NAME like '%${corpName}%'
        </if>
    </select>

    <select id="selectOrganizationIdsByClientIs" resultMap="corpOrganizationMap">
        SELECT
	      ORGANIZATION_ID
        FROM
            oauth_client_organization
        WHERE
            client_id =#{clientId}
        UNION
        SELECT
            ID ORGANIZATION_ID
        FROM
            hms_corp_info
        WHERE
		CORP_ID = #{clientId}
    </select>
</mapper>
