<?xml version="1.0" encoding="UTF-8"?>
<!DOCTYPE mapper
        PUBLIC "-//mybatis.org//DTD Mapper 3.0//EN"
        "http://mybatis.org/dtd/mybatis-3-mapper.dtd">
<mapper namespace="hmap.core.hms.system.mapper.HmsLoginErrorMapper">

       <resultMap id="BaseResultMap" type="hmap.core.hms.system.domain.HmsLoginError">
              <id column="ID" property="id" jdbcType="VARCHAR"/>
              <result column="USER_IP" property="userIp" jdbcType="VARCHAR"/>
              <result column="ERR_TIMES" property="errTimes" jdbcType="BIGINT"/>
              <result column="ERR_DATE" property="errDate" jdbcType="TIMESTAMP"/>
              <result column="CREATION_DATE" property="creationDate" jdbcType="TIMESTAMP"/>
              <result column="CREATED_BY" property="createdBy" jdbcType="BIGINT"/>
              <result column="LAST_UPDATED_BY" property="lastUpdatedBy" jdbcType="BIGINT"/>
              <result column="LAST_UPDATE_DATE" property="lastUpdateDate" jdbcType="TIMESTAMP"/>
              <result column="LAST_UPDATE_LOGIN" property="lastUpdateLogin" jdbcType="BIGINT"/>
              <result column="ATTRIBUTE_CATEGORY" property="attributeCategory" jdbcType="VARCHAR"/>
              <result column="ATTRIBUTE1" property="attribute1" jdbcType="VARCHAR"/>
              <result column="ATTRIBUTE2" property="attribute2" jdbcType="VARCHAR"/>
              <result column="ATTRIBUTE3" property="attribute3" jdbcType="VARCHAR"/>
              <result column="ATTRIBUTE4" property="attribute4" jdbcType="VARCHAR"/>
              <result column="ATTRIBUTE5" property="attribute5" jdbcType="VARCHAR"/>
              <result column="ATTRIBUTE6" property="attribute6" jdbcType="VARCHAR"/>
              <result column="ATTRIBUTE7" property="attribute7" jdbcType="VARCHAR"/>
              <result column="ATTRIBUTE8" property="attribute8" jdbcType="VARCHAR"/>
              <result column="ATTRIBUTE9" property="attribute9" jdbcType="VARCHAR"/>
              <result column="ATTRIBUTE10" property="attribute10" jdbcType="VARCHAR"/>
              <result column="ATTRIBUTE11" property="attribute11" jdbcType="VARCHAR"/>
              <result column="ATTRIBUTE12" property="attribute12" jdbcType="VARCHAR"/>
              <result column="ATTRIBUTE13" property="attribute13" jdbcType="VARCHAR"/>
              <result column="ATTRIBUTE14" property="attribute14" jdbcType="VARCHAR"/>
              <result column="ATTRIBUTE15" property="attribute15" jdbcType="VARCHAR"/>
       </resultMap>
       <select id="selectByUserIp" resultMap="BaseResultMap">
              SELECT * FROM hms_login_error WHERE user_ip = #{0}
       </select>
</mapper>

