<?xml version="1.0" encoding="UTF-8" ?>
<!DOCTYPE mapper
        PUBLIC "-//mybatis.org//DTD Mapper 3.0//EN"
        "http://mybatis.org/dtd/mybatis-3-mapper.dtd">

<mapper namespace="hmap.core.hms.system.mapper.HmsSystemConfigMapper">
    <resultMap id="systemConfigMap" type="hmap.core.hms.system.domain.HmsSystemConfig" extends="com.hand.hap.mapper.StdMapper.STD">
        <id column="ID" property="id" jdbcType="VARCHAR"/>
        <result column="CONFIG_KEY" property="configKey" jdbcType="VARCHAR"/>
        <result column="CONFIG_VALUE" property="configValue" jdbcType="VARCHAR"/>
        <result column="CONFIG_DESC" property="configDesc" jdbcType="VARCHAR"/>
        <result column="CONFIG_LEVEL" property="configLevel" jdbcType="VARCHAR"/>
        <result column="ENABLE" property="enable" jdbcType="VARCHAR"/>
    </resultMap>
    <select id="selectByConfigKey" resultMap="systemConfigMap">
        select * from Hms_System_Config where CONFIG_KEY = #{CONFIG_KEY} AND ORGANIZATION_ID IS NULL
    </select>
    <select id="selectByConfigKeyAndOrganizationId" resultMap="systemConfigMap">
        select * from Hms_System_Config where CONFIG_KEY = #{0} AND ORGANIZATION_ID = #{1}
    </select>
    <select id="findDefaultConfigs" resultMap="systemConfigMap" parameterType="hmap.core.hms.system.dto.HmsSystemConfigDTO">
        select * from Hms_System_Config where
        ORGANIZATION_ID is NULL
        <if test="configKey !=null and configKey !=''">
            AND CONFIG_KEY like '%${configKey}%'
        </if>
        <if test="configDesc !=null and configDesc !=''">
            AND CONFIG_DESC like '%${configDesc}%'
        </if>
        <if test="attribute1 != null and attribute1 != ''">
            AND ATTRIBUTE1 = #{attribute1}
        </if>
        ORDER BY LAST_UPDATE_DATE desc
        <if test="rowStart!=null and pageSize!=null">
            limit #{rowStart} ,#{pageSize}
        </if>

    </select>




    <select id="findDefaultConfigsForOracle" resultMap="systemConfigMap" parameterType="hmap.core.hms.system.dto.HmsSystemConfigDTO">
        select ht.*
        from (
            select hsc.*,rownum rn
            from Hms_System_Config hsc
            where hsc.ORGANIZATION_ID is NULL
            <if test="configKey !=null and configKey !=''">
                AND hsc.CONFIG_KEY like '%${configKey}%'
            </if>
            <if test="configDesc !=null and configDesc !=''">
                AND hsc.CONFIG_DESC like '%${configDesc}%'
            </if>
            ORDER BY hsc.LAST_UPDATE_DATE desc
        ) ht
        where 1=1
        <if test="rowStart!=null and pageSize!=null">
            and ht.rn<![CDATA[>]]>#{rowStart} and ht.rn<![CDATA[<=]]>#{pageSize}
        </if>
    </select>
</mapper>
