<?xml version="1.0" encoding="UTF-8" ?>
<!--
  ~ #{copyright}#
  -->

<!DOCTYPE mapper PUBLIC "-//mybatis.org//DTD Mapper 3.0//EN" "http://mybatis.org/dtd/mybatis-3-mapper.dtd" >
<mapper namespace="hmap.core.hms.system.mapper.HmsUserRoleMapper">
    <resultMap id="BaseResultMap" type="com.hand.hap.account.dto.UserRole" extends="com.hand.hap.mapper.StdMapper.STD" >
        <id column="SUR_ID" property="surId" jdbcType="DECIMAL" />
        <result column="USER_ID" property="userId" jdbcType="DECIMAL" />
        <result column="ROLE_ID" property="roleId" jdbcType="DECIMAL" />
        <result column="DEFAULT_FLAG" property="defaultFlag" jdbcType="VARCHAR" />
    </resultMap>
    <resultMap id="UserResultMap" type="com.hand.hap.account.dto.User" extends="com.hand.hap.mapper.StdMapper.STD" >
        <id column="USER_ID" property="userId" jdbcType="DECIMAL" />
        <result column="USER_NAME" property="userName" jdbcType="VARCHAR" />
    </resultMap>
    <resultMap id="HmsCorpAdminStaffDtoMap" type="hmap.core.hms.system.dto.HmsCorpAdminStaffDto">
        <id column="USER_ID" property="userId" jdbcType="DECIMAL" />
        <result column="USER_NAME" property="userName" jdbcType="VARCHAR" />
        <result column="MOBILE" property="mobile" jdbcType="VARCHAR" />
        <result column="ACCOUNT_NUMBER" property="accountNumber" jdbcType="VARCHAR" />
    </resultMap>
    <sql id="Base_Column_List" >
    SUR_ID, USER_ID, ROLE_ID, DEFAULT_FLAG
    </sql>

    <select id="selectUserRoleByUserIdAndRoleId" resultMap="BaseResultMap">
        SELECT sur.*
        FROM sys_user_role sur
        where user_id = #{userId,jdbcType=DECIMAL}
        AND role_id = #{roleId,jdbcType=DECIMAL}
    </select>

    <select id="selectByStaffAccountNumber" resultType="com.hand.hap.account.dto.Role">
      select srb.ROLE_ID roleId,srb.ROLE_CODE roleCode,srb.ROLE_NAME roleName,srb.ROLE_DESCRIPTION roleDescription
      from hms_staff hs,hms_account_role har,sys_role_b srb
      where hs.user_id=har.account_id and har.role_id=srb.ROLE_ID and hs.account_number in
      (select user_name from sys_user where user_id = #{userId}) and hs.organization_id = (select organization_id from sys_user where user_id = #{userId})
    </select>
    <select id="queryAllUserByRoleId" resultMap="UserResultMap">
        select ur.USER_ID,ur.USER_NAME
        from sys_user ur, sys_user_role user_rl
        where ur.USER_ID=user_rl.USER_ID
        and ROLE_ID=#{roleId,jdbcType=DECIMAL}
    </select>

    <select id="queryAllRoleByUserId" resultMap="BaseResultMap">
        SELECT sur.*
        FROM sys_user_role sur
        where user_id = #{userId,jdbcType=DECIMAL}
    </select>

    <select id="queryCorpAdminStaffByRoleId" resultMap="HmsCorpAdminStaffDtoMap">
        SELECT
            hs.USER_ID,
            hs.ACCOUNT_NUMBER,
            hs.USER_NAME,
            hs.MOBILE
        FROM
            hms_staff hs
        LEFT JOIN sys_user su ON (
            hs.account_number = su.USER_NAME
            AND hs.ORGANIZATION_ID = su.ORGANIZATION_ID
        )
        LEFT JOIN sys_user_role sur ON sur.USER_ID = su.USER_ID
        WHERE
            sur.ROLE_ID IS NOT NULL
        AND ROLE_ID = #{roleId}
        AND hs.ORGANIZATION_ID = #{organizationId}
    </select>
</mapper>
