<?xml version="1.0" encoding="UTF-8" ?>
<!DOCTYPE mapper
        PUBLIC "-//mybatis.org//DTD Mapper 3.0//EN"
        "http://mybatis.org/dtd/mybatis-3-mapper.dtd">
<mapper namespace="hmap.core.hms.system.mapper.MenuMapper">
    <resultMap id="BaseResultMap" type="hmap.core.hms.system.domain.Menu">
        <id column="ID" property="id" jdbcType="VARCHAR" />
        <result column="CODE" property="code" jdbcType="VARCHAR" />
        <result column="NAME" property="name" jdbcType="VARCHAR" />
        <result column="MENU_LEVEL" property="menuLevel" jdbcType="VARCHAR" />
        <result column="SERVICE_ID" property="serviceId" jdbcType="VARCHAR" />
        <result column="PARENT_ID" property="parentId" jdbcType="VARCHAR" />
        <result column="IS_DIR" property="isDir" jdbcType="VARCHAR" />
        <result column="IS_DELETED" property="isDeleted" jdbcType="VARCHAR" />
        <result column="IS_EDITED" property="isEdited" jdbcType="VARCHAR" />
        <result column="ICON_ID" property="iconId" jdbcType="VARCHAR" />
        <result column="MENU_SEQUENCE" property="menuSequence" jdbcType="VARCHAR" />
    </resultMap>

    <select id="selectAllMenus" resultMap="BaseResultMap">
        SELECT
	m.*
FROM
	menu_b m,
	menu_tl mt,
	sys_role_menu srm
WHERE
	mt.id = m.id
	AND mt.lang = #{lang}
	AND m.id = srm.MENU_ID
	AND ROLE_ID = #{roleId}
    </select>

    <select id="selectById" resultMap="BaseResultMap">
        SELECT
	m.*
FROM
	menu_b m,
	menu_tl mt
	WHERE
	mt.id = m.id AND m.id in
        <foreach collection="ids" index="index" item="item" open="(" close=")" separator="),(">
            #{item}
        </foreach>
	AND mt.lang = #{lang}
    </select>

</mapper>
