<?xml version="1.0" encoding="UTF-8" ?>

<!DOCTYPE mapper PUBLIC "-//mybatis.org//DTD Mapper 3.0//EN" "http://mybatis.org/dtd/mybatis-3-mapper.dtd" >
<mapper namespace="hmap.core.hms.system.mapper.SysRoleGroupMapper">
    <resultMap id="BaseResultMap" type="hmap.core.hms.system.dto.SysRoleGroupDTO">
    </resultMap>
    <resultMap id="BaseResultMap2" type="hmap.core.hms.system.dto.SysRoleGroupDTO">
        <id column="rlGroupId" property="rlGroupId" jdbcType="VARCHAR"/>
        <result column="rlGroupCode" property="rlGroupCode" jdbcType="VARCHAR"/>
        <result column="rlGroupValue" property="rlGroupValue" jdbcType="VARCHAR"/>

        <collection property="roleList" ofType="hmap.core.hms.system.dto.HmapSysRoleDTO">
            <id column="roleId" property="roleId" jdbcType="DECIMAL"/>
            <result column="roleCode" property="roleCode" jdbcType="VARCHAR"/>
            <result column="roleName" property="roleName" jdbcType="VARCHAR"/>
            <result column="roleDescription" property="roleDescription" jdbcType="VARCHAR"/>
        </collection>
    </resultMap>
    <resultMap id="sysRoleGroupResultMap" type="hmap.core.hms.system.domain.SysRoleGroup">
        <id column="rl_group_id" property="rlGroupId" jdbcType="VARCHAR"/>
        <result column="rl_group_code" property="rlGroupCode" jdbcType="VARCHAR"/>
        <result column="rl_group_value" property="rlGroupValue" jdbcType="VARCHAR"/>
        <result column="IS_DEFAULT_GROUP" property="isDefaultGroup" jdbcType="VARCHAR"/>
        <result column="ORGANIZATION_ID" property="organizationId" jdbcType="VARCHAR"/>
    </resultMap>

    <select id="queryAllRlGroup" resultMap="BaseResultMap">
        SELECT rl_group_id rlGroupId,rl_group_code rlGroupCode,rl_group_value rlGroupValue,
        is_default_group isDefaultGroup,ORGANIZATION_ID organizationId,LAST_UPDATE_DATE lastUpdateDate
        FROM sys_role_group
        where 1=1
        <if test="organizationId==null">
            AND ORGANIZATION_ID is NULL
        </if>
        <if test="organizationId!=null">
            AND ORGANIZATION_ID = #{organizationId}
        </if>
        ORDER BY LAST_UPDATE_DATE DESC
    </select>
    <delete id="deleteRlGroupIdById">
        delete from sys_role_group where rl_group_id=#{rlGroupId}
    </delete>
    <select id="queryAllList" resultMap="BaseResultMap2">
        select rg.rl_group_id rlGroupId,rg.rl_group_code rlGroupCode,
        rg.rl_group_value rlGroupValue,
        r.ROLE_ID roleId,r.ROLE_CODE roleCode,r.ROLE_NAME roleName,
        r.ROLE_DESCRIPTION roleDescription
        from sys_role_group rg,sys_role_b r
        where rg.rl_group_id=r.rl_group_id
        <if test="organizationId==null">
            AND ORGANIZATION_ID is NULL
        </if>
        <if test="organizationId!=null">
            AND ORGANIZATION_ID = #{organizationId}
        </if>
        <if test="rlId != -1">
            AND r.ROLE_ID=#{rlId}
        </if>
        <if test="groupId !=null and groupId!=''">
            AND rg.rl_group_id=#{groupId}
        </if>
    </select>

    <select id="selectRlGroupByGroupValueOrGroupCode" resultMap="sysRoleGroupResultMap">
        SELECT * FROM sys_role_group WHERE (rl_group_code = #{rlGroupCode} OR rl_group_value = #{rlGroupValue}) AND ORGANIZATION_ID = #{organizationId}
    </select>

    <select id="queryAllDefaultRlGroup" resultMap="BaseResultMap2">
        select
    rg.rl_group_id rlGroupId,
    rg.rl_group_code rlGroupCode,
    rg.rl_group_value rlGroupValue,
    rg.is_default_group isDefaultGroup,
    r.ROLE_ID roleId,
    r.ROLE_CODE roleCode,
    r.ROLE_NAME roleName,
    r.ROLE_DESCRIPTION roleDescription,
    r.is_default_role isDefaultRole
from
    sys_role_group rg
        left join
    sys_role_b r ON rg.rl_group_id = r.rl_group_id
where
    rg.is_default_group = 'Y'
        and r.is_default_role = 'Y'
        and rg.ORGANIZATION_ID is null
    </select>
</mapper>
