<?xml version="1.0" encoding="UTF-8" ?>
<!DOCTYPE mapper
        PUBLIC "-//mybatis.org//DTD Mapper 3.0//EN"
        "http://mybatis.org/dtd/mybatis-3-mapper.dtd">

<mapper namespace="hmap.core.hms.system.mapper.SysUserMapper">
    <resultMap id="sysUserMap" type="hmap.core.hms.system.domain.SysUser" extends="com.hand.hap.mapper.StdMapper.STD">
        <id column="USER_ID" property="userId" jdbcType="BIGINT"/>
        <result column="USER_NAME" property="userName" jdbcType="VARCHAR"/>
    </resultMap>
    <resultMap id="hmsUserMap" type="hmap.core.hms.system.domain.HmsUser">
        <id column="USER_ID" property="userId" jdbcType="DECIMAL"/>
        <result column="USER_NAME" property="userName" jdbcType="VARCHAR"/>
        <result column="PASSWORD_ENCRYPTED" property="passwordEncrypted" jdbcType="VARCHAR"/>
        <result column="EMAIL" property="email" jdbcType="VARCHAR"/>
        <result column="PHONE" property="phone" jdbcType="VARCHAR"/>
        <result column="START_ACTIVE_DATE" property="startActiveDate" javaType="DATE"/>
        <result column="END_ACTIVE_DATE" property="endActiveDate" javaType="DATE"/>
        <result column="STATUS" property="status" jdbcType="VARCHAR"/>
        <result column="USER_TYPE" property="userType" jdbcType="VARCHAR"/>
        <result column="organization_id" property="organizationId" jdbcType="VARCHAR"/>
        <result column="have_register" property="haveRegister" jdbcType="VARCHAR"/>
    </resultMap>
    <select id="selectByUserName" resultMap="sysUserMap">
        select user_id,user_name from sys_user where user_name = #{userName} and organization_id is null
    </select>
    <update id="activatedUser">
        update hms_staff SET IS_ACTIVATED = 'Y',ACTIVATED_DATE=current_timestamp  WHERE account_number = #{userName}
        AND (IS_ACTIVATED <![CDATA[<>]]> 'Y' OR ACTIVATED_DATE IS NULL)
    </update>
    <select id="selectOrganizationIdsByUserName" resultType="java.lang.String">
        select hci.id from hms_corp_info hci LEFT JOIN sys_user su ON hci.id = su.organization_id
        where
        1=1
        <if test="userName!=null">
            AND su.USER_NAME = #{userName}
        </if>
        GROUP BY hci.id
    </select>
    <select id="selectAppIdByOrganizationId" resultType="java.lang.String">
        select app_id from hms_app_auth
        where
        ORGANIZATION_ID = #{organizationId}
    </select>
    <select id="selectOrganizationIdByCorpId" resultType="java.lang.String">
        select id from hms_corp_info
        where
        CORP_ID = #{corpId}
    </select>
    <select id="getMobileUserId" resultType="java.lang.String">
        select user_id from hms_staff
        where
        ORGANIZATION_ID = #{organizationId}
        AND
        account_number = #{username}
    </select>
    <update id="updatePwdAndHaveRegister" flushCache="true">
        UPDATE sys_user u SET u.PASSWORD_ENCRYPTED = #{password},u.HAVE_REGISTER = #{haveRegister} where u.user_id = #{userId}
    </update>

    <select id="selectHmsUserByUserName" resultMap="hmsUserMap">
        select *
        from SYS_USER
        where UPPER(USER_NAME) = UPPER (#{userName,jdbcType=VARCHAR})
    </select>

    <select id="selectHmsUserByAccountId" resultMap="hmsUserMap">
        SELECT su.* FROM sys_user su,hms_account ha WHERE ha.user_id = #{accountId} AND su.phone = ha.phone AND su.organization_id = #{organizationId}
        UNION
        SELECT su.* FROM sys_user su,hms_staff hs, hms_account ha WHERE ha.user_id = #{accountId} AND hs.third_party_id = ha.third_party_id AND hs.organization_id = #{organizationId} and su.user_name = hs.account_number and su.organization_id = hs.organization_id
        UNION
        SELECT su.* FROM sys_user su,hms_account ha WHERE ha.user_id = #{accountId} AND su.user_name = ha.ADMIN_USER_NAME AND su.organization_id = #{organizationId}
    </select>

    <update id="updatePhone" flushCache="true">
        UPDATE sys_user
        <set>
            phone = #{newMobile}
        </set>
        WHERE phone = #{oldMobile} AND ORGANIZATION_ID IN
        <foreach collection="organizationIdList" index="index" item="item" open="(" separator="," close=")">
            #{item}
        </foreach>
    </update>
    <select id="selectAllHmsUserByAccountId" resultMap="hmsUserMap">
        SELECT su.* FROM hms_account ha LEFT join sys_user su on su.phone = ha.phone    WHERE ha.user_id = #{accountId}

    </select>
</mapper>
