<configuration scan="true" scanPeriod="3 seconds">
    <!-- <turboFilter class="ch.qos.logback.classic.turbo.MDCFilter">
        <MDCKey>userId</MDCKey>
        <Value>1</Value>
        <OnMatch>ACCEPT</OnMatch>
        <OnMismatch>DENY</OnMismatch>
    </turboFilter> -->
    <appender name="auditLog"
              class="ch.qos.logback.core.rolling.RollingFileAppender">
        <Encoding>UTF-8</Encoding>
        <File>../logs/hmap_audit.log</File>
        <append>true</append>
        <rollingPolicy class="ch.qos.logback.core.rolling.TimeBasedRollingPolicy">
            <FileNamePattern>../logs/hmap_audit-%d{yyyy-MM-dd}_%i.log</FileNamePattern>
            <MaxHistory>30</MaxHistory>
            <TimeBasedFileNamingAndTriggeringPolicy
                    class="ch.qos.logback.core.rolling.SizeAndTimeBasedFNATP">
                <MaxFileSize>5MB</MaxFileSize>
            </TimeBasedFileNamingAndTriggeringPolicy>
        </rollingPolicy>
        <encoder class="net.logstash.logback.encoder.LogstashEncoder" />
    </appender>
    <appender name="ctrlLog"
              class="ch.qos.logback.core.rolling.RollingFileAppender">
        <Encoding>UTF-8</Encoding>
        <File>../logs/hmap_ctrl.log</File>
        <append>true</append>
        <rollingPolicy class="ch.qos.logback.core.rolling.TimeBasedRollingPolicy">
            <FileNamePattern>../logs/hmap_ctrl-%d{yyyy-MM-dd}_%i.log</FileNamePattern>
            <MaxHistory>30</MaxHistory>
            <TimeBasedFileNamingAndTriggeringPolicy
                    class="ch.qos.logback.core.rolling.SizeAndTimeBasedFNATP">
                <MaxFileSize>5MB</MaxFileSize>
            </TimeBasedFileNamingAndTriggeringPolicy>
        </rollingPolicy>
        <layout class="ch.qos.logback.classic.PatternLayout">
            <pattern>%level %d{yyyy-MM-dd HH:mm:ss.SSS} - %msg%n</pattern>
        </layout>
    </appender>

    <appender name="serviceLog"
              class="ch.qos.logback.core.rolling.RollingFileAppender">
        <Encoding>UTF-8</Encoding>
        <File>../logs/hmap_service.log</File>
        <append>true</append>
        <rollingPolicy class="ch.qos.logback.core.rolling.TimeBasedRollingPolicy">
            <FileNamePattern>../logs/hmap_service-%d{yyyy-MM-dd}_%i.log</FileNamePattern>
            <MaxHistory>30</MaxHistory>
            <TimeBasedFileNamingAndTriggeringPolicy
                    class="ch.qos.logback.core.rolling.SizeAndTimeBasedFNATP">
                <MaxFileSize>5MB</MaxFileSize>
            </TimeBasedFileNamingAndTriggeringPolicy>
        </rollingPolicy>
        <layout class="ch.qos.logback.classic.PatternLayout">
            <pattern>%level %d{yyyy-MM-dd HH:mm:ss.SSS} - %msg%n</pattern>
        </layout>
    </appender>

    <appender name="jobLog"
              class="ch.qos.logback.core.rolling.RollingFileAppender">
        <Encoding>UTF-8</Encoding>
        <File>../logs/hmap_job.log</File>
        <append>true</append>
        <rollingPolicy class="ch.qos.logback.core.rolling.TimeBasedRollingPolicy">
            <FileNamePattern>../logs/hmap_job-%d{yyyy-MM-dd}_%i.log</FileNamePattern>
            <MaxHistory>30</MaxHistory>
            <TimeBasedFileNamingAndTriggeringPolicy
                    class="ch.qos.logback.core.rolling.SizeAndTimeBasedFNATP">
                <MaxFileSize>5MB</MaxFileSize>
            </TimeBasedFileNamingAndTriggeringPolicy>
        </rollingPolicy>
        <layout class="ch.qos.logback.classic.PatternLayout">
            <pattern>%level %d{yyyy-MM-dd HH:mm:ss.SSS} - %msg%n</pattern>
        </layout>
    </appender>
    <appender name="consumerLog"
              class="ch.qos.logback.core.rolling.RollingFileAppender">
        <Encoding>UTF-8</Encoding>
        <File>../logs/hmap_consumer.log</File>
        <append>true</append>
        <rollingPolicy class="ch.qos.logback.core.rolling.TimeBasedRollingPolicy">
            <FileNamePattern>../logs/hmap_consumer-%d{yyyy-MM-dd}_%i.log</FileNamePattern>
            <MaxHistory>30</MaxHistory>
            <TimeBasedFileNamingAndTriggeringPolicy
                    class="ch.qos.logback.core.rolling.SizeAndTimeBasedFNATP">
                <MaxFileSize>5MB</MaxFileSize>
            </TimeBasedFileNamingAndTriggeringPolicy>
        </rollingPolicy>
        <layout class="ch.qos.logback.classic.PatternLayout">
            <pattern>%level %d{yyyy-MM-dd HH:mm:ss.SSS} - %msg%n
            </pattern>
        </layout>
    </appender>
    <appender name="STDOUT" class="ch.qos.logback.core.ConsoleAppender">
        <encoder>
            <pattern>%d{yyyy-MM-dd HH:mm:ss.SSS} %-5level [%X{userId}] [%X{requestId}] %logger - %msg%n</pattern>
        </encoder>
    </appender>

    <!--<logger name="hmap.core.aop.AuditLogAspect" level="DEBUG" additivity="false">-->
    <!--<appender-ref ref="audit"/>-->
    <!--</logger>-->
    <logger name="auditLog" level="INFO" additivity="false">
        <appender-ref ref="auditLog"/>
    </logger>
    <logger name="ctrlLog" level="INFO" additivity="false">
        <appender-ref ref="ctrlLog"/>
    </logger>
    <logger name="serviceLog" level="INFO" additivity="false">
        <appender-ref ref="serviceLog"/>
    </logger>
    <logger name="jobLog" level="INFO" additivity="false">
        <appender-ref ref="jobLog"/>
    </logger>
    <logger name="consumerLog" level="INFO" additivity="false">
        <appender-ref ref="consumerLog"/>
    </logger>

    <root level="DEBUG">
        <appender-ref ref="STDOUT" />
    </root>
</configuration>
