<?xml version="1.0" encoding="UTF-8"?>
<metadata modelVersion="1.1.0">
  <groupId>com.hand</groupId>
  <artifactId>hmap-plugin-appcenter</artifactId>
  <version>2.0-SNAPSHOT</version>
  <versioning>
    <snapshot>
      <timestamp>20171115.022131</timestamp>
      <buildNumber>72</buildNumber>
    </snapshot>
    <lastUpdated>20171115022131</lastUpdated>
    <snapshotVersions>
      <snapshotVersion>
        <extension>jar</extension>
        <value>2.0-20171115.022131-72</value>
        <updated>20171115022131</updated>
      </snapshotVersion>
      <snapshotVersion>
        <extension>pom</extension>
        <value>2.0-20171115.022131-72</value>
        <updated>20171115022131</updated>
      </snapshotVersion>
    </snapshotVersions>
  </versioning>
</metadata>
